nan,Item Code,item description ,Price,Length of saty,SBS
Radiological intervention,XRY-0801,INTRACRANIAL ANEURYSM COILING ( 5 COILS ),166800.0,1,35321-02-00
Neurosurgery,NEU-0034,Cerebral aneurysm Repair ,156000.0,8 Days,59970-02-00
Radiological intervention,XRY-0835,Vein of Galen Embolization ,156000.0,2,35321-02-00
Radiological intervention,XRY-0837,Spine AVM Embolization ,156000.0,3 DAYS + 2 days ICU,40318-00-00
Neurosurgery,NEU-0033,Aneurysm- Repair (Other),144000.0,8 Days,33116-00-00
Radiological intervention,XRY-0827,BRAIN TUMOR EMBOLIZATION + guiding cathers + wires + high flow catheter + embolic material ( liquid ),114000.0,3 DAYS + 2 days ICU,35321-02-00
Radiological intervention,XRY-0831,"ACUTE STROKE THROMBECTOMY - guiding cath , wires, retreival stent",114000.0,3 DAYS + 2 days ICU,90235-00-00
Radiological intervention,XRY-0825,BRAIN ARTERIO VENOUS MALFORMATION (AVM ) EMBOLIZATION + guiding cathers + wires + high flow catheter + embolic material ( liquid ),108000.0,3 DAYS + 2 days ICU,39803-00-00
Orthopaedic,ORT-0224,REVISN OF TOTAL HIP REPLACEMNT (INCLUDE IMPLANT) including implant,98640.0,1,49324-00-00
Orthopaedic,ORT-0762,CORRECTION AND POSTERIOR INSTRUMENTATION OF SCOLIOSIS including implant,97920.0,2 days,90011-02-00
Orthopaedic,ORT-0683,EXPLORATION AND REPAIR OF BRAC HIAL FLEXUS. ,97200.0,2 days,39300-00-00
Radiological intervention,XRY-0800,INTRACRANIAL  ANEURYSM COILING (2 COILS),97200.0,1,35412-00-00
Radiological intervention,XRY-0830,INTRACRANIAL ANGIOPLASTY FOR VASOSPASM + EMBOLIZATION + guiding cathers + wires + high flow catheter + embolic material ( liquid ),96000.0,3 DAYS + 2 days ICU,35321-02-00
Orthopaedic,ORT-0194,DORSO-LUMBAR SPINAL FUSION W/  HARRINGTON ROD LONG SEGMENT including implant,93840.0,1 Day,48681-00-00
Orthopaedic,ORT-0193,DORSAL SPINAL FUSION (POSTERIOR SCOLOSIS CORRECTION) including implant,90720.0,2 days,48642-00-00
Orthopaedic,ORT-0690,SPINAL FUSION WITH MICOMED SYS TEM including implant,90720.0,2 days,48660-00-00
Orthopaedic,ORT-0686,REVISION OF TOTAL KNEE REPLACE MENT (INCLUDE IMPLANT) including implant,85200.0,2 days,49527-00-01
Orthopaedic,ORT-0749,COMBINED ANTERIOR  & POSTERIOR FIXATION ( DORSO-LUMBAR ) including implant,79440.0,2 days,48678-00-00
Vasular surgery,VAS-0030,ACUTE STROKE THROMBECTOMY,79200.0,4 days,90230-00-00
Orthopaedic,ORT-0746,COMBINED ANTERIOR AND POSTERIOR OR CERVICAL FIXATION including implant,78480.0,2 days,48684-00-00
Orthopaedic,ORT-1052,REVISION OF SPINAL FUSION ( MULTIPLE LEVEL ) including implant,78480.0,2 Days,50620-00-00
Radiological intervention,XRY-0803,INTRACRANIAL STENTING,78000.0,1,35309-06-00
Orthopaedic,ORT-0763,ANTERIOR RELEASE & INSTRUMENTATION FOR SCOLIOSIS including implant,77760.0,2 days,40351-00-00
Orthopaedic,ORT-0698,DORSAL EPIPHYSIODESIS OF CONGI NITAL SCOLIOSIS including implant,76320.0,3 Days,48509-00-01
Orthopaedic,ORT-0764,POSTERIOR CORRECTION AND FIXATION KYPHOSIS including implant,75960.0,1,48678-00-00
Orthopaedic,ORT-0767,ANT.RESECTION OF ONE VERTEBRA W/FIXATION including implant,75240.0,2 days,48639-00-00
Surgery,SUR-0141,CANCER HEAD OF PANCREAS (whipple's operation)-(2 days ICU + 7 days ward),73920.0,9 Days,31500-00-01
Neurosurgery,NEU-0055,STAGE 1 - SACRAL NEUROMODULATION IMPLANTATION ( INCLUDE ELECTRODE ),73656.0,1,39134-01-00
Vasular surgery,VAS-0029,INTRACRANIAL ANGIOPLASTY FOR VASOSPASM,73200.0,4 days,35303-06-00
Radiological intervention,XRY-0812,BLEEDING EMBOLIZATION +  guiding cathers + wires + liquid embolic system or coil,68400.0,3 DAYS + 2 days ICU,35321-02-00
Neurosurgery,NEU-0032,Aneurysm -Clipping without coils,66000.0,8 Days,39800-00-00
Radiological intervention,XRY-0843,Pre-surgical spine tumor Embolization + guiding cathers + wires + high flow catheter + embolic material ( liquid ),66000.0,3 DAYS + 2 days ICU,90230-00-00
Cardiology,CAR-0019,Valve replacement (INCLUDE IMPLANT),64433.407499999994,1 ICU + 1 WARD,38488-01-00
Radiological intervention,XRY-0804,EXTRACRANIAL  STENTING,62400.0,1,59970-02-00
Orthopaedic,ORT-0669,RETRO PERITONIAL ANTERIOR      SPINAL FIXATION including implant,61920.0,2 days,48684-00-00
Orthopaedic,ORT-0680,REVISION OF SPINAL FUSION ( ONE LEVEL ) including implant,61920.0,2 days,50620-00-00
Orthopaedic,ORT-0768,RESECTION OF SPINAL CORD SOFT TISSUE TOMOUR,61560.0,2 days,40309-00-00
Orthopaedic,ORT-1051,ANTERIOR THORACIC SPINAL FUSION including implant,61560.0,2 days,48660-00-00
Neurosurgery,NEU-0040,Endoscopic cerebral surgery,60000.0,5 Days,90007-02-00
Urology,URO-0115,ARTIFICIAL MALE SPHINCTER + DEVICE,59400.0,3 Days,37387-00-00
Orthopaedic,ORT-0699,CERVICAL POSTERIOR DECOMPRESSI ON WITH PLATTING (MULTIPLE LEVEL) including implant,59280.0,2 days,40335-00-00
Orthopaedic,ORT-0760,HEMIVERTEBRA EXCISION including implant,59280.0,1 Day,48639-00-00
Orthopaedic,ORT-0602,INTERNAL FIXATION FRACTURE PELVIC GR.III(POST &  ANTERIOR COLUMN)  including implant,57840.0,1 Day,47489-01-01
Orthopaedic,ORT-0352,THORACIC VERTEBRECTOMY including implant,57120.0,2 days,48639-00-00
Orthopaedic,ORT-0353,VERTEBROTOMY RETROPERITONEAL,57120.0,1 Day,48639-00-00
Orthopaedic,ORT-0434,TOTAL KNEE REPLACEMENT (UNILATERALL)/hinged including implant,57000.0,1 Day,49518-00-00
Orthopaedic,ORT-0198,REFUSION OF SPINE (CORRECTION OF PSEUDO-ARTHROSIS OF SPINE) including implant,56760.0,2 days,48660-00-00
Orthopaedic,ORT-0672,CERV.POST. OPEN REDUC.INTERNAL FIXATION + FUSION including implant,55920.0,2 days,47699-01-00
Orthopaedic,ORT-0191,ATLAS AXIS SPINAL FUSION including implant,55680.0,2 days,48660-00-00
Neurosurgery,NEU-0022,Skull base tumour,55228.635,6 Days,99999-99-99
Orthopaedic,ORT-0687,TRANS ABDOMINAL ANTERIOR       SPINAL FUSION including implant,54720.0,2 days,48660-00-00
Orthopaedic,ORT-0738,LUMBAR LAMINOTOMY / LAMINECTOMY ( MULTIPLE LEVEL ) ,54120.0,1 Day,40300-01-00
Cardiology,CAR-0026,SINGLE VALVE REPLACEMENT WITHOUT VALVE COST,54000.0,8 days,38488-01-00
Vasular surgery,VAS-0024,Aortic aneurysm,54000.0,4 days,33080-00-00
Radiological intervention,XRY-0808,RENAL ANGIOPLASTY AND STENTING,54000.0,1,35309-06-00
Orthopaedic,ORT-0489,OSTEOTOMY AND FIXATION OF DEFORMITIES  including implant,53640.0,1,99999-99-99
Orthopaedic,ORT-0662,ANT SPINAL FIX FR/DEFORM SPINE including implant,53640.0,2 days,48678-00-00
Radiological intervention,XRY-0802,INTRACRANIAL ANGIOPLASTY,52800.0,1,35303-06-00
Cardiology,CAR-2028,PTCA-DV+ 3 DRUG ELUTING STENTS,52440.0,2,38306-02-00
Orthopaedic,ORT-1050,FIXATION OF SPINE WITH DYNAMIC SCREW  including implant,50760.0,2 days,48678-00-00
Orthopaedic,ORT-0223,TOTAL HIP REPLACEMENT W/USE OF METHYL METHACRYLATE including implant,50400.0,1 Day,49318-00-00
Orthopaedic,ORT-0511,TOTAL HIP REPLACEMENT AFTER   O.A. DEG. including implant,50400.0,2 days,49318-00-00
Radiological intervention,XRY-0814,UTERINE FIBROID EMBOLIZATION + guiding cathers + wires + high flow catheter + embolization particles,50400.0,3 DAYS + 2 days ICU,90451-00-00
Cardiology,CAR-2029,PTCA - TV + 3 DRUG ELUTING STENT,50000.0,,99999-99-99
Radiological intervention,XRY-0805,EXTRACRANIAL ANGIOPLASTY,49200.0,1,35303-06-00
Orthopaedic,ORT-9005,REVISION OF HEMIARTHROPLASTY HIP including implant,48960.0,1,49346-00-00
Orthopaedic,ORT-0635,INTERNAL FIXATION  FRACTURE NECK FEMUR WITH VAS-  CULARIZED BONEGRAFT including implant,48480.0,3 Days,48200-00-00
Orthopaedic,ORT-0753,POSTEROLATERAL W/INTERBODY LUMBAR SPINAL FUSION including implant,48480.0,1 Day,48648-00-00
Orthopaedic,ORT-0218,TOTAL KNEE REPLACEMENT including implant,48000.0,3 Days,49518-00-00
Orthopaedic,ORT-0325,INTERTHORACOSCAPULAR AMPUTATN,48000.0,2 days,44334-00-01
Orthopaedic,ORT-0339,HEMIPELVECTOMY,48000.0,3 Days,44373-00-00
Orthopaedic,ORT-0485,FUSION OF THE SPINE AFTER FRAC OR FRACTURE DISLOCATION including implant,48000.0,1,48660-00-00
Cardiology,CAR-2024,PTCA-SV+ 3 DRUG ELUTING STENTS,47640.0,2,38306-01-00
Orthopaedic,ORT-0655,VASCULRIZED BONE GRAFTING      ILIAC CREST,46800.0,1 Day,48239-00-00
Orthopaedic,ORT-0659,SURGICAL excision of spinal tumour (ANTERIOR/POSTERIOR ),46440.0,2 days,40309-00-00
Orthopaedic,ORT-0758,POST.HEMI-EPIPHYSIODESIS FOR CONG. for correction of scoliosis  including implant,46440.0,2 days,48509-00-01
Neurosurgery,NEU-0013,Trans-sphenoidal approach,46023.862499999996,4 Days,39712-04-00
Neurosurgery,NEU-0035,Steriotaxic craniotomy,46023.862499999996,8 Days,40803-00-00
Neurosurgery,NEU-0041,Neurovascaular depressive procedure ,46023.862499999996,1,90024-00-00
Neurosurgery,NEU-0025,Bypass Vascular-Aorto-Subclavian-Carotid without Graft,45840.0,6 Days,32700-04-01
Neurosurgery,NEU-0026,Bypass Vascular-Peripheral Artery without Graft,45840.0,6 Days,32766-00-00
Vasular surgery,VAS-0022,Aortic Bypass,45840.0,4 days,32763-06-00
Cardiology,CAR-0003,Insertion of permanent pacemaker,45614.3175,6 Days,38353-00-00
Radiological intervention,XRY-0815,EMBOLIZATION FIRST SERIES + guiding cathers + wires + high flow catheter + embolization material ( particles or liquid ),45600.0,3 DAYS + 2 days ICU,35321-02-00
Orthopaedic,ORT-0692,VASCULARISED MUSCLE PEDICLE    TRANSFER,45480.0,2 days,47966-01-00
Surgery,SUR-0171,CHOLEDOCHOJEJUNOSTOMY ( surgical open & complicated procedure ),44712.0,6 days,30460-04-00
Orthopaedic,ORT-1005,ILIZAROUF (ILIZAROVE) APPLICATION FOR DEFORMITY CORRECTION  including implant,44640.0,1 Day,50130-00-01
Orthopaedic,ORT-0518,SPINAL OSTEOTOMY,44400.0,2 days,90569-00-01
Orthopaedic,ORT-0705,TOTAL ELBOW REPLACEMENT including implant,44400.0,1 Day,49115-00-01
Cardiology,CAR-0018,CABG WITHOUT CATH.,44000.0,10 Days,90201-00-00
Orthopaedic,ORT-9920,PERCUTANEUS SPINAL FIXATION (MISS) including implant,43920.0,2 days,48678-00-00
Cardiology,CAR-2027,PTCA-DV+ 2 DRUG ELUTING STENTS,43440.0,2,38306-02-00
Orthopaedic,ORT-0745,ANTERIOR CERVICAL CORPECTOMY,43440.0,2 days,48639-00-00
Orthopaedic,ORT-0660,SPONDYLISTHESIS CORRECTION including implant,43200.0,2 days,90011-02-00
Neurosurgery,NEU-0023,Pituitary Tumour,42240.0,3 Days,39712-04-00
Radiological intervention,XRY-0813,CHEMOEMBOLIZATION + guiding cathers + wires,42000.0,3 DAYS + 2 days ICU,35321-02-00
Radiological intervention,XRY-0819,PROSTATIC EMBOLIZATION  + guiding cathers + wires + high flow catheter + embolization particles,42000.0,3 DAYS + 2 days ICU,90408-00-00
Orthopaedic,ORT-0486,OPEN REDUCTION OF INT. FIX OF  FRACT. & DISLOC. SPINE including implant,41940.0,1 Day,47699-01-00
Cardiology,CAR-0016,Femoro post tibial bypass,41619.09,1 ICU + 3 WARDS,32745-00-00
Orthopaedic,ORT-0576,"TRANSPED.FIX.,LAMINEC., INTER. AND SPINAL FUSION",41400.0,2 days,48654-00-00
Orthopaedic,ORT-0728,ANTERIOR CERVICAL DISCOTOMY W/INTERBODY FUSION (MULTIPLE LEVEL) including implant,41400.0,2 days,40333-01-00
Orthopaedic,ORT-0668,CERVICAL ANTERIOR CORPECTOMY GRAFT + PLANTING (ONE LEVEL) including implant,41040.0,2 days,48639-00-00
Orthopaedic,ORT-0732,COSTOTRANSVERSECTOMY FOR THORACICDISC,41040.0,2 days,40345-00-00
Orthopaedic,ORT-0748,ANTERIOR FIXATION OF THORACIC LUMBAR  FRACTURE including implant,41040.0,2 days,48678-00-00
Orthopaedic,ORT-0197,LUMBO-SACRAL SPINAL FUSION including implant,40560.0,2 days,48642-00-00
Orthopaedic,ORT-0752,POSTEROLATERAL LUMBAR SPINAL FUSION including implant,40560.0,2 days,48648-00-00
Orthopaedic,ORT-0733,ANTERIOR THORACIC DESICTOMY,40440.0,2 days,40300-00-00
Vasular surgery,VAS-0025,Aorto bifemoral bypass,40419.09,4 days,32708-00-00
Orthopaedic,ORT-0713,VERTEBRAL PLASTY,40320.0,2 days,35400-00-00
Orthopaedic,ORT-9001,REVISION OF ILN FEMUR  including implant,40320.0,2 days,49563-00-01
Orthopaedic,ORT-9002,REVISION OF ILN TIBIA including implant,40320.0,2 days,47921-00-01
Orthopaedic,ORT-0700,CERVICAL POSTERIOR DECOMPRESSI ON WITHOUT PLATTING including implant,39960.0,2 days,40331-00-00
Orthopaedic,ORT-0729,ANTERIOR CERVICAL DISCOTOMY PLATING (MULTIPLE LEVEL) including implant,39960.0,2 days,40333-01-00
Orthopaedic,ORT-0747,POSTERIOR FIXATION OF THORACIC including implant,39960.0,2 days,48678-00-00
Orthopaedic,ORT-1004,KYPHOPLASTY including implant,39960.0,2 days,35400-00-00
Orthopaedic,ORT-0487,OPEN REDUCTION & INT. FIX. OF FRACTURED PELVIS including implant,39780.0,1 Day,47486-00-01
Neurosurgery,NEU-0016,Craniotomy for Hemorrhage Other & Unspecified Intrcranialfollowing Injury,39600.0,4 Days,39603-00-00
Neurosurgery,NEU-0017,Craniotomy for Hemorrhage Subarachnoid Subdural & Extradural following Injury,39600.0,4 Days,39615-00-00
Surgery,SUR-0142,Distal Pancreatectomy ,39600.0,1-2 Days,30409-00-00
Orthopaedic,ORT-0755,MODIFIED SCOTT WIRING including implant,39480.0,2 days,47921-00-01
Orthopaedic,ORT-0196,LUMBAR SPINAL FUSION ( MULTIPLE LEVEL ) including implant,39420.0,2 days,48642-00-00
Cardiology,CAR-2023,PTCA-SV+ 2 DRUG ELUTING STENTS,38640.0,2,38306-01-00
Neurosurgery,NEU-0029,Endarterectomy- Other Vessels Head & Neck,38280.0,6 Days,90229-00-00
Orthopaedic,ORT-0209,ARTHRODESIS OF HIP including implant,38250.0,2 days,49306-00-00
Orthopaedic,ORT-0773, LUMBAR LAMINOTOMY ( 2 LEVEL ) including implant,38040.0,1 Day,40300-01-00
Orthopaedic,ORT-0233,ARTHROPLASTY OF SHOULDER W/   SYNTHETIC PROSTHESIS including implant,37170.0,1 Day,48918-00-01
Neurosurgery,NEU-0001,Steriotaxic biopsy,36819.09,2 Days,39703-03-00
Neurosurgery,NEU-0039,Microscopical nerve suture,36819.09,1,39300-00-00
Neurosurgery,NEU-0051,Craniotomy  with Brain Tumour  B Excision,36819.09,9 Days,39712-04-00
Orthopaedic,ORT-0277,RECONSTRUCTION OF THUMB INCL. DIGITAL TRANSFR TO ACT AS THUM,36360.0,1 Day,46507-00-01
Orthopaedic,ORT-0739,PRECOTONEOUS DISCECTOMY ( ANY REGION ),36360.0,1 Day,48636-00-00
Orthopaedic,ORT-0667,CERVICAL DISCECTOMY AND INTER- BODY FUSION (ONE LEVEL) including implant,36000.0,2 days,40333-00-00
Vasular surgery,VAS-0028,Angioplasty two vessels,35400.0,3 Days,35303-06-00
Orthopaedic,ORT-0654,ANTERIOR SPINAL RELEASE BY     SCOLIOSIS,35190.0,2 days,40351-00-00
Orthopaedic,ORT-0691,PDN PROSTHETIC DISC NUCLEUS    REPLACEMENT including implant,34830.0,2 days,48691-00-00
Orthopaedic,ORT-0742,LUMBAR DISCECTOMY W/PDN INSERTION including implant,34830.0,1 Day,40300-00-00
Orthopaedic,ORT-9003,REVISION OF ILN HUMERUS including implant,34830.0,2 days,47921-00-01
Neurosurgery,NEU-0042,PERCUTANEOUS DISCECTOMY LUMBAR ( ONE LEVEL ),34800.0,3 Days,39600-00-00
Orthopaedic,ORT-0603,OPEN REDUCTION INTERNAL FIXATION PELVIC GR.II(POST.COL.) including implant,34740.0,2 days,47486-00-01
Orthopaedic,ORT-0604,OPEN REDUCTION INTERNAL FIXATION  PELVIC GR.I(ANT.COLUMN) including implant,34740.0,2 days,47486-00-01
Orthopaedic,ORT-0772, LUMBAR LAMINOTOMY ( 1 LEVEL ),34680.0,2 days,40300-00-00
Cardiology,CAR-2026,PTCA-DV+ 1 DRUG ELUTING STENT,34440.0,2,38303-00-00
Orthopaedic,ORT-0685,TRANSPEDICULAR SCREW FIXATION  + CERCLAGE WIRE W/ FUS. 1 LEV including implant,34200.0,2 days,48678-00-00
Urology,URO-0134, PCNL for complete Staghorn stone + DJ insertion + ESWL (two sessions) ,34200.0,3 Days,36540-00-01
Orthopaedic,ORT-0741,ENDOSCOPIC DISCECTOMY ( ANY REGION ),34020.0,1 Day,40300-00-00
Radiological intervention,XRY-0816,EMBOLIZATION SECOND SERIES +  guiding cathers + wires + high flow catheter + embolization material ( particles or liquid ),33600.0,3 DAYS + 2 days ICU,35321-02-00
Cardiology,CAR-0017,Thoracotomy for evacuation of haemothorax and lobectomy,33377.181,5 Days ,38418-00-00
Orthopaedic,ORT-0761,OPEN ANTERIOR SPINAL RELEASE FOR SCOLIOSIS,33300.0,2 days,90011-02-00
Orthopaedic,ORT-0210,ARTHRODESIS OF KNEE including implant,33120.0,2 days,49509-01-00
Orthopaedic,ORT-0211,ARTHRODESIS OF SHOULDER including implant,33120.0,2 days,48939-00-01
Orthopaedic,ORT-0433,PARTIAL KNEE REPLACEMENT including implant,33120.0,1 Day,49517-00-01
Orthopaedic,ORT-0792,HIMIARTHOPLASTY HIP including implant,33000.0,2 days,47522-00-01
Urology,URO-0138,Partial Nephrectomy + Vascular clamping + Calyceal repair + DJ stent insertion ,32880.0,5 Days,36522-01-00
Orthopaedic,ORT-0490,CORRECTIVE OSTEOTOMY FOR DEF.  OF HIP JOIN AFTER T.B. including implant,32400.0,1 Day,49303-00-00
Orthopaedic,ORT-0630,CORTICOTOMY & APPLICATION OF   EXTERNAL FIXATOR FOR LONG BONE LENTGHING  including implant,32400.0,1 Day,50130-00-01
Vasular surgery,VAS-0015,Peripheral Aneurysm (Excision & Repair),32400.0,8 Days,33070-00-00
Orthopaedic,ORT-0163,EXCISION OF DESTRUCTION INTER- VERTEBRAL DISC,32040.0,2 days,40303-00-00
Orthopaedic,ORT-0663,REVISION OF DURAL TEAR,32040.0,2 days,39615-00-00
Neurosurgery,NEU-0030,Repair of Compound Skull Fracture,31800.0,6 Days,39609-02-00
Orthopaedic,ORT-0341,FINGER REATTACHEMENT including implant,31800.0,1 Day,46483-00-01
Orthopaedic,ORT-0408,CHIARI ACETABULAR OSTEOTOMY including implant,31770.0,2 days,48424-00-00
Orthopaedic,ORT-9004,REVISION OF ORIF  OF LONG BONE including implant,31680.0,2 days,47921-00-01
Urology,URO-0133, PCNL for complete Staghorn stone + DJ insertion (two sessions) ,31560.0,3 Days,36821-01-00
Surgery,SUR-9952,ENTERO - ENTEROSTOMY ( surgical open & complicated procedure ),31320.0,6 days,30515-00-00
Orthopaedic,ORT-0507,MAJOR JOINT DISARTICULATION( HIP/SHOULDER ) including implant,31140.0,2 days,50109-00-01
Orthopaedic,ORT-0526,REV.OF LUMB.DISC PROLAPSE 2    LEVEL L4/L5 / L5/S1,30420.0,2 days,40303-01-00
Neurosurgery,NEU-0027,Cranioplasty,30360.0,8 Days,40600-03-00
Neurosurgery,NEU-0015,Craniotomy  with Brain Tumour  A  Excision,30000.0,4 Days,39712-04-00
Orthopaedic,ORT-0508,PARTIAL ARTHROPLASTY hip including implant,30000.0,2 days,49315-00-00
Orthopaedic,ORT-0647, APPLICATION OF EXTERNAL FIXATO R GRADE II MULTILEVEL  including implant,30000.0,1 Day,50130-00-01
Radiological intervention,XRY-0818,P.T.C AND STENTING ( percutanious tranhepatic cholangiogram ) + STENT,30000.0,3 DAYS + 2 days ICU,30440-00-00
Orthopaedic,ORT-0467,ARTHRODESIS OF THE WRIST including implant,29880.0,2 days,49200-00-01
Cardiology,CAT-0048,DIAGNOSTIC E.P. STUDY,29700.0,1,38209-00-00
Cardiology,CAR-2022,PTCA-SV+ 1 DRUG ELUTING STENT,29640.0,2,38306-00-00
Orthopaedic,ORT-0637,ACETABULUM RECONSTRUCTION including implant,29520.0,2 days,90552-00-01
Orthopaedic,ORT-0492,OPEN RED.& INT.FIX.W/PLATE & SCREW OF NECK FEMUR including implant,29250.0,1,47519-00-01
Orthopaedic,ORT-0531,RECONS. OF MUL.LIG. KNEE INJ.,29250.0,1 Day,49539-01-01
Vasular surgery,VAS-0001,Angioplasty one vessel,29209.545,2 Days,35303-06-00
Neurosurgery,NEU-0021, Craniotomy with Brain Tumour Supratentorial Excision ,29040.0,6 Days,39712-04-00
Urology,URO-0137,Partial Nephrectomy + Vascular clamping + Calyceal repair ,29040.0,5 Days,36522-01-00
Orthopaedic,ORT-0401,OPEN REDUCTION OF CDH & CAST,28800.0,2 days,47051-00-01
Orthopaedic,ORT-0708,GIRDLE STONE OPERATION HIP including implant,28800.0,2 days,49312-00-00
Radiological intervention,XRY-0844,SPINAL ANGIOGRAM + guiding cath + wires,28800.0,1 DAY,90902-03-00
Orthopaedic,ORT-0664,THORACOTOMY,28170.0,2 days,38418-00-00
Orthopaedic,ORT-0641,PERCUTANEOUS LAZER DISCECTOMY,27990.0,1,48636-00-00
Cardiology,CAR-0020,Ligation of patent ductus arteriosis,27614.3175,4 Days,38700-01-00
Neurosurgery,NEU-0024,Spinal cord tumor,27614.3175,6 Days,40309-00-00
Orthopaedic,ORT-0380,THREE DIMENSIONAL OSTEOTOMY OF HIP (SCHNEIDER) including implant,27600.0,2 days,90569-00-01
Orthopaedic,ORT-9924,MPFL RECONSTRUCTION W ALLOGRAFT including implant,27600.0,1 Day,49539-01-01
Urology,URO-0131,PCNL for complete staghorn stone + DJ insertion (one session) ,27600.0,6 Days,30450-01-01
Orthopaedic,ORT-0706,COSTOPLASTY including implant,27360.0,2 days,38427-00-00
Orthopaedic,ORT-0651,PERCUTANEOUS ENDOSCOPIC LASER  DISCECTOMY,26730.0,2 days,48636-00-00
Neurosurgery,NEU-0007,Shunt for Hydrocephalus Including the Devices,26400.0,4 DAYS,40006-00-00
Neurosurgery,NEU-0009,Both Intracerebral Haematoma Drainage Burrhole,26400.0,4 Days,39600-00-00
Obestetric and Gynecology,OBG-0026,Radical Hysterectomy,26400.0,8 Days,35667-00-00
Orthopaedic,ORT-0528,OPEN RED.& INT.FIX OF SYMPH.   PUBIS DISATASIS W/ OR W/O FRAC including implant,26400.0,1 Day,47486-00-01
Vasular surgery,VAS-0020,Carotid Endarterectomy,26400.0,3 Days,33500-00-00
Orthopaedic,ORT-0031,REVISION OF FIXATION OF LONG BONE FRACTURE  including implant,26100.0,2 days,47921-00-01
Orthopaedic,ORT-0514,HIND QUARTER OR FORE QUARTER   AMPUTATION,26100.0,2 days,44373-00-00
Radiological intervention,XRY-0834,Diagnostic cerebral angiogram ( Exclude guiding catheters & wires),25800.0,1 Dday,59970-02-00
Orthopaedic,ORT-0679,OPEN REDUC. & INT. FIX. SACRAL FRACTURE including implant,25740.0,1 Day,47489-00-01
Cardiology,CAR-2025,PTCA-DV,25440.0,2,38303-00-00
Orthopaedic,ORT-0036,REINSERT OF INT. FIXATN DEVICEAT FEMUR including implant,25380.0,1 Day,47921-00-01
Orthopaedic,ORT-0091,OPEN REDUCT OF FRACT W/INT FIX AT HUMERUS including implant,25380.0,1 Day,47429-00-01
Orthopaedic,ORT-0095,OPEN REDUCT OF FRACT W/INT FIX AT FEMUR including implant,25380.0,1 Day,47528-01-01
Orthopaedic,ORT-0096,OPEN REDUCT OF FRACT W/INT FIX AT TIBIA & FIBULA including implant,25380.0,1 Day,47566-01-01
Orthopaedic,ORT-0500,OSTEOTOMY AND FIXATION OF DEFORMITIES - KNEE including implant,25380.0,1 Day,50300-00-00
Orthopaedic,ORT-0613,ORIF  SUB CHONDRAL OF  KNEE OR HIP  including implant,25380.0,1 Day,47588-00-01
Orthopaedic,ORT-0803,INTERLOCKING NAIL (ILN) FEMUR OR PFN including implant,25380.0,1 Day,47519-00-01
Orthopaedic,ORT-0804,INTERLOCKING NAIL (ILN) TIBIA including implant,25380.0,2 days,47921-00-01
Orthopaedic,ORT-0805,INTERLOCKING NAIL (ILN) HUMERUS including implant,25380.0,1 Day,47921-00-01
Orthopaedic,ORT-0824,ORIF HUMERAL CONDYLE including implant,25380.0,1 Day,47459-01-01
Orthopaedic,ORT-0340,THUMB REATTACHEMENT including implant,25200.0,1 Day,90584-01-01
Orthopaedic,ORT-0499,OPEN RED. FOR HIP IN C.D.H. including implant,25200.0,1 Day,47051-00-01
Orthopaedic,ORT-0032,"REINSERT.OF INT.FIXATN DEVICE AT SCAPULA.CLAVICLE,THORAX(R/S including implant",25020.0,2 days,47921-00-01
SURGERY,FMSUR-3313,LAP. GASTRIC BYPASS ,25000.0,2 DAYS,30512-03-00
Orthopaedic,ORT-0212,ARTHRODESIS OF ELBOW including implant,24840.0,1 Day,49106-00-01
Orthopaedic,ORT-0326,below knee amputation ,24840.0,2 days,44367-02-00
Orthopaedic,ORT-0335,AMPUTATION OF LEG THRU FEMUR,24840.0,2 days,44367-00-00
Orthopaedic,ORT-0336,AMPUTATION OF THIGH,24840.0,2 days,44367-00-00
Orthopaedic,ORT-0337,CONVERSION OF BELOW KNEE AMPUTATN TO ABOVE KNEE AMPUTATION,24840.0,2 days,44367-00-00
Neurosurgery,NEU-0018,Laminectomy for Stenosis,24420.0,5 Days,90024-00-00
Orthopaedic,ORT-0042,REVISN OF DISPL.OR BROKEN FIX. DEVICE AT HUMERUS including implant,24120.0,2 days,47921-00-01
Orthopaedic,ORT-0045,REVISN OF DISPL.OR BROKEN FIX. DEVICE AT FEMUR including implant,24120.0,2 days,47921-00-01
Orthopaedic,ORT-0235,BANKART REPAIR OF SHOULDER -ARTHROSCOPIC  including implant,24120.0,1 Day,90533-00-01
Orthopaedic,ORT-0778,MOSAICOPLASTY in knee articular defect  including implant,24120.0,1 Day,49503-02-01
Orthopaedic,ORT-0782,O.R.I.F FEMUR HEAD FRACTURE GRADE 1 including implant,24120.0,1 Day,47528-01-01
Urology,URO-0053,Uretheroplasty + Buccal Mucosal Graft,24060.0,1 Day,37345-00-00
Orthopaedic,ORT-0017,BONE LENGHTENING W/BONE GRAFT  AT FEMUR including implant,24000.0,2 days,50303-00-00
Orthopaedic,ORT-0040,REVISN OF DISPL.OR BROKEN FIX. DEVISE OF LONG BONE  including implant,24000.0,2 days,47921-00-01
Orthopaedic,ORT-0170,COMPLETE OR PARTL. RESECTION   OF HIP including implant,24000.0,1 Day,49312-00-00
Orthopaedic,ORT-0199,ARTHRODESIS OF FOOT & ANKLE W/ BONE GRAFT including implant,24000.0,2 days,49712-00-00
Orthopaedic,ORT-0493,OPEN RED.& INT.FIX.OF FRACTURE OF CALCANEUS including implant,24000.0,1 Day,47615-01-01
Orthopaedic,ORT-0498,TENDON TRANSFER FOR RECURRENT  DISLOC. OF PATELLA,24000.0,1 Day,49503-03-00
Orthopaedic,ORT-0549,TRANSFER OF MUSCLE AT THIGH,24000.0,1 Day,47966-01-00
Orthopaedic,ORT-0657,TENDON TRANSFER AT SHOULDER,24000.0,1 Day,47966-00-01
Orthopaedic,ORT-0681,MUSCLE & TENDON TRANSFER @ HIP SHARAAD OR MASTERED OPERATION,24000.0,2 days,50387-00-00
Orthopaedic,ORT-0714,PROXIMAL RAW CARPECTOMY WRIST including implant,24000.0,2 days,48406-14-01
Orthopaedic,ORT-0783,O.R.I.F. FEMUR HEAD FRACTURE GRADE 2 including implant,24000.0,1 Day,47528-01-01
Orthopaedic,ORT-9927,MPFL RECONSTRUCTION W/OUT ALLOGRAFT,24000.0,1 Day,49539-01-01
Obestetric and Gynecology,OBG-0062,Total Abdominal Hysterectomy ( Hysterectomy Salpingophrectomy ),23760.0,4 Days,35653-04-00
Orthopaedic,ORT-0038,REINSERT OF INT. FIXATN DEVICEAT FIBULA & TIBULA including implant,23760.0,1 Day,47921-00-01
Orthopaedic,ORT-0504,"OPERATION OF RECURR,DIS SHLDR including implant",23760.0,1 Day,47009-00-01
Orthopaedic,ORT-0601,O.R. AND I.F.OF FRACTURE SCAPL including implant,23760.0,1 Day,47468-01-01
Vasular surgery,VAS-0019,CAROTID BODY TUMOUR EXCISION ,23760.0,3 Days,33827-00-01
Urology,URO-0130,PCNL for Partial Staghorn stone + DJ insertion (one session) ,23640.0,3 Days,36543-00-01
Orthopaedic,ORT-0324,DISARTICULATION OF SHOULDER,23580.0,2 days,44331-00-01
Orthopaedic,ORT-0334,DISARTICULATION OF KNEE,23580.0,2 days,44367-01-00
Orthopaedic,ORT-0338,DISARTICULATION OF HIP,23580.0,2 days,44370-00-00
Orthopaedic,ORT-0447,RECONS.OF AMP.FINGER W/O GRAFT,23490.0,1 Day,46444-00-01
Urology,URO-0128,Flexible Ureteroscopy + Intrarenal LASER Lithotripsy + Dormia + DJ insertion,22980.0,3 Days,36656-03-01
Orthopaedic,ORT-0126,OPEN REDUCT OF DISLOCATN AT    SHOULDER,22860.0,1 Day,47012-00-01
Orthopaedic,ORT-0127,OPEN REDUCT OF DISLOCATN AT    ELBOW,22860.0,1 Day,47021-00-01
Orthopaedic,ORT-0128,OPEN REDUCT OF DILOCATION AT WRIST,22860.0,1 Day,47027-02-01
Orthopaedic,ORT-0130,OPEN REDUCT OF DISLOCATION AT  HIP,22860.0,1 Day,47051-00-01
Orthopaedic,ORT-0131,OPEN REDUCT OF DISLOCATION AT  KNEE,22860.0,1 Day,47060-00-01
Orthopaedic,ORT-0132,OPEN REDUCT OF DISLOCATION AT  ANKLE,22860.0,1 Day,47066-00-01
Orthopaedic,ORT-0139,ARTHROTOMY FOR REMOVAL OF      PROSTHESIS AT HIP,22860.0,2 days,49312-00-00
Orthopaedic,ORT-0317,amputation of upper limb below elbow ,22860.0,2 days,44328-01-00
Orthopaedic,ORT-0043,REVISN OF DISPL.OR BROKEN FIX. DEVICE AT RADIUS & ULNA including implant,22500.0,2 days,47921-00-01
Orthopaedic,ORT-0737,LUMBAR LAMINOTOMY OR LAMINECTOMY ( ONE LEVEL ),22500.0,2 days,40330-00-00
Urology,URO-0114,LAPARASCOPIC RENAL CYSTIC DECORTICATION,22440.0,3 Days,36558-00-00
Urology,URO-0143, TURT ( either Multiple masses or single mass 6 cm or larger) ,22440.0,3 Days,36845-04-00
Orthopaedic,ORT-0333,DISARTICULATION OF ANKLE,22320.0,2 days,44361-00-01
Neurosurgery,NEU-0038,Cervical Laminectomy – conclusive - recurrent,22091.454,4 days,40331-00-00
Surgery,SUR-0097,Radical surgery for oral malignancy,22091.454,3 Days,30275-00-00
Surgery,SUR-0155,Lap Sleeve Gastrectomy,22000.0,2 days,30511-09-00
Orthopaedic,ORT-0671,POSTERIOR CRUCIATE LIGAMENT    RECONSTRUCTION,21960.0,1 Day,49539-01-01
Neurosurgery,NEU-0020,Fracture Vertebrae without Prothesis,21780.0,5 Days,47696-00-00
Orthopaedic,ORT-0229,ARTHROPLASTY OF HAND & FINGER W/ SYNTHETIC PROSTHESIS including implant,21690.0,1 Day,46309-00-01
Orthopaedic,ORT-0231,ARTHROPLASTY OF HAND & FINGER W/O TRACTION FIXATION,21690.0,1 Day,46309-00-01
Orthopaedic,ORT-0232,ARTHROPLASTY OF HAND & FINGER W/ INT. FIX. DEV.OR PROSTHESIS including implant,21690.0,1 Day,46309-00-01
Orthopaedic,ORT-0238,ARTHROPLASTY OF CARPALS WITH  SYNTHETIC PROSTHESIS including implant,21690.0,1 Day,46324-00-01
Orthopaedic,ORT-0330,CHOPART ARTHRODESIS including implant,21690.0,1 Day,50109-00-01
Orthopaedic,ORT-9936,ARTHROPLASTY OF THE RADIAL HEAD ( ELBOW ) W/ PROSTHESIS including implant,21690.0,2 days,49115-00-01
Orthopaedic,ORT-0023,INT. FIXATN OF FRACTURE AT SCAPULA OR CLAVICLE OR THORAX ONE LEVEL (RIBS/STERNUM) including implant,21600.0,1 Day,47921-00-01
Orthopaedic,ORT-0090," OPEN REDUCT OF FRACT W/INT FIX AT UNSPEC SITE (TIBIA , HUMERUS, FORARM ,FEMURE) including implant",21600.0,1,99999-99-99
Orthopaedic,ORT-0092,OPEN REDUCT OF FRACT W/INT FIX AT RADIUS & ULNA including implant,21600.0,1 Day,47393-01-01
Orthopaedic,ORT-0275, HAND TENDON TRANSFER OF TRANSPLANT,21600.0,1,46417-00-01
Orthopaedic,ORT-0381,VALGUS OSTEOTOMY OF HIP including implant,21600.0,2 days,90569-00-01
Orthopaedic,ORT-0382,VARUS OSTEOTOMY OF HIP including implant,21600.0,1 Day,90569-00-01
Orthopaedic,ORT-0402,SALTER DV OSTEOTOMY & CAST including implant,21600.0,2 days,48424-00-00
Orthopaedic,ORT-0407,PEMBERTON ACETABULAR OSTEOTOMY including implant,21600.0,2 days,48424-00-00
Orthopaedic,ORT-0462,ARTHROTOMY IN INFECTIVE SPINES,21600.0,2 days,50103-00-01
Orthopaedic,ORT-0544,TENDON TRANSFER AT FOOT,21600.0,1 Day,49812-00-00
Orthopaedic,ORT-0574,TRANSPLANT OF TENDON AT HAND/WRIST,21600.0,1 Day,46417-00-01
Orthopaedic,ORT-0614,EXPLORATION OF NERVE & NEUROLY SIS OR REPAIR IN CHRONICH INURY ,21600.0,1 Day,39330-00-00
Orthopaedic,ORT-0652,"ARTHROSCOPIC FIX. OF BANKART   LESION, SHOULDER including implant",21600.0,1,48945-00-01
Orthopaedic,ORT-0677,"INTERNAL FIXATION  BIMA. MALLEOLAR FRACTURE, ANKLE including implant",21600.0,1 Day,47603-01-01
Orthopaedic,ORT-0678,"INTERNAL FIXATION TRI.MALLEOLAR FRACTURE, ANKLE including implant",21600.0,2 days,47603-01-01
Orthopaedic,ORT-0694,TENDON TRANSFER AT ELBOWS,21600.0,1 Day,50405-00-02
Orthopaedic,ORT-0701,O.R.I.F. OF STERNO CLAVICULAR  JOIN including implant,21600.0,2 days,47006-00-01
Orthopaedic,ORT-0821,OPEN REDUCTION AND INTERNAL FIXATION OF FRACTURE SUPRECONDYLAR HUMERUS /FEMURE including implant,21600.0,1 Day,47459-01-01
Orthopaedic,ORT-0823,ORIF ELBOW / OLECRANON including implant,21600.0,1 Day,47399-01-01
Orthopaedic,ORT-1049,ARTHROSCOPIC ROTATOR CUFF. REPAIR,21600.0,2 days,48960-00-01
Radiological intervention,XRY-0817,P.T.C AND DRAINAGE ( percutanious tranhepatic cholangiogram ) + draine catheter,21600.0,3 DAYS + 2 days ICU,30440-00-00
Orthopaedic,ORT-0315,INSERTION OR REPLACE OF SKELE- TAL MUSCLE STIMULATOR including implant,21420.0,1 Day,90561-00-01
Orthopaedic,ORT-0740,FACET JOINT TREATMENT BY PERCUTANEOUS THERMO-LASERABLATION ,21420.0,2 days,40303-00-00
Orthopaedic,ORT-0014,TRANSPLANT OF BONE GRAFT TO   VERTEBRAE,21240.0,1 Day,48239-00-00
Orthopaedic,ORT-0034,REINSERT.OF INT. FIXATN DEVICEAT RADIUS & ULNA including implant,21240.0,1 Day,47921-00-01
Orthopaedic,ORT-0035,REINSERT  OF INT.FIXATN DEVICEAT CARPALS & METACARPALS including implant,21240.0,2 days,47921-00-01
Orthopaedic,ORT-0037,REINSERT OF INT. FIXATN DEVICEAT PATELLA including implant,21240.0,1 Day,47921-00-01
Urology,URO-0129,PCNL for 2 cm Stone + DJ insertion ,21000.0,3 Days,36540-00-01
Vasular surgery,VAS-0005,Insertion of IVC Filter (Procedure Only),20904.0,1 Day,35330-00-01
Orthopaedic,ORT-0276,RECONSTRUCTION OF THUMB including implant,20880.0,1 Day,45451-06-01
Orthopaedic,ORT-0815,OPEN ROTATOR CUFF. REPAIR including implant,20880.0,1,48906-00-01
Cardiology,CAR-2021,PTCA-SV,20640.0,2,38306-00-00
Orthopaedic,ORT-0281,RECONSTRUCTION OF OPPONEUSPLASTY OF HAND ,20610.0,1 Day,46507-00-01
Orthopaedic,ORT-0379,HIGH TIBIAL OSTEOTOMY W/ GRAFT,20610.0,1 Day,48418-00-01
Orthopaedic,ORT-0506,EXCISION OF CEVICAL RIB,20610.0,1 Day,34139-00-01
Neurosurgery,NEU-0008,Single Intracerebral Hameatoma Drinage Burrhole,20460.0,4 Days,39600-00-00
Neurosurgery,NEU-0005,Ventriculo-venous OR peritineal shunt,20448.11325,3 Days,40003-02-00
Orthopaedic,ORT-0138,ARTHROTOMY FOR REMOVAL OF      PROSTHESIS AT KNEE,20340.0,1 Day,49515-00-01
Orthopaedic,ORT-0321,DISARTICULATION OF WRIST including implant,20340.0,2 days,44328-02-01
Orthopaedic,ORT-0634,ACL RECONSTRUCTION FOR ARTHRO- SCOPY GRADE 1 including implant,20340.0,1 Day,49539-00-01
Neurosurgery,NEU-0011,Recurrent lumbar disc prolapse,20250.4995,4 Days,40300-00-00
Neurosurgery,NEU-0067,Laminectomy ( two different levels ) ( Lumbar ) OR recurrent inclusive,20250.4995,1,90024-01-00
Orthopaedic,ORT-0039,REINSERT OF INT. FIXATN DEVICEAT TARSALS & METATARSALS including implant,19980.0,1 Day,47921-00-01
Orthopaedic,ORT-0428,REPAIR OF RECURR DISLOC OF     SHOULDER,19980.0,2 days,48930-00-01
Orthopaedic,ORT-0547,OPEN.REDUC. W/ INT/FIX. FRAC.  ACHRONIC CLAVICULAR JOINT including implant,19980.0,1 Day,47465-01-01
Orthopaedic,ORT-0016,BONE LENGTHENING W/BONE GRAFT AT FEMUR/TIBIA  including implant,19800.0,2 days,50303-00-00
Orthopaedic,ORT-0018,BONE LENGHTENING W/ BONE GRAFT AT TIBIA & FIBULA including implant,19800.0,2 days,50303-00-00
Orthopaedic,ORT-0111,ORIF TIBIA PLATEAU GRADE 3  Y-SHAPE FRACTURE ( COMMUTED+ MED+ LAT. PLATEAU ),19800.0,2 days,40300-00-00
Orthopaedic,ORT-0171,COMPLETE OR PARTL RESECTION OF KNEE including implant,19800.0,1 Day,90574-01-01
Orthopaedic,ORT-0201,TRIPLE ARTHRODESIS (TALUS TO   CALCANEUS TO CABOID &NAVICULAR including implant,19800.0,1 Day,49815-00-00
Orthopaedic,ORT-0208,arthrodesis of ankle or wrist joint including implant,19800.0,1 Day,50109-00-01
Orthopaedic,ORT-0757,SACRO-ILIAC JOINT ARTHRODESIS including implant,19800.0,2 days,49300-00-00
Orthopaedic,ORT-0785,REPAIR OF CUT  DIGITAL ARTERY ,19800.0,2 days,90223-01-00
Vasular surgery,VAS-0007,Radio Frequency Ablation for Vericose Veins ( Bilateral),19800.0,1 Day,32520-00-00
Vasular surgery,VAS-0026,Below Knee Amputation,19800.0,5 Days,44367-02-00
Vasular surgery,VAS-0027,Above Knee Amputation,19800.0,6 Days,44367-00-00
Orthopaedic,ORT-0125,"OPEN REDUCTION DISLOCATION KNEE ,HIP,ELBOW ",19710.0,1,99999-99-99
Orthopaedic,ORT-0605,SUPRACONDYLE OSTEOTOMY FEMUR including implant,19710.0,1 Day,48424-06-01
Orthopaedic,ORT-9915,Nerve Suture and Neurolysis,19710.0,1 Day,39300-00-00
Opthalmology,OPT-0057,CORNEAL RE-GRAFT / (w/o graft price),19632.0,3 Days,42635-00-01
Orthopaedic,ORT-0412,REMOVAL OF MALIGNANT BONE OR   SOFT TISSUE,19620.0,1 Day,30241-00-01
Cardiology,CAR-0021,Insertion of swanz ganz catheter,19609.545,6 Days,13818-00-00
Urology,URO-0052,Resection and Anastomosis or Reimplantation of Urether,19440.0,5-7 Days,36588-01-00
Urology,URO-0147,FLEXIBLE URETERORENOSCOPY WITH DJ STENT INSERTION inclouding stent,19440.0,2 DAYS,36803-00-00
Orthopaedic,ORT-0505,SCAPULAR OSTEOTOMY/EXCISN FOR CORRECTION OF DEFORMITY including implant,19350.0,1 Day,48406-09-01
Orthopaedic,ORT-0790,SKIN FLAP FREE,19260.0,1 Day,90669-00-00
Orthopaedic,ORT-0646, APPLICATION OF EXTERNAL FIXATO R GRADE I MONOTUBE  TYPE  including implant,19200.0,2 days,50130-00-01
Orthopaedic,ORT-0682,O.R.& I.F.-FRACT.MED.MALLEOLUS including implant,19200.0,1 Day,47600-01-01
Surgery,SUR-0067,Arterial Embolectomy and Venous Thrombectomy,19140.0,1 Day,90230-00-00
Orthopaedic,ORT-0497,OPEN RED. & INT. FIX -PATELLA including implant,19080.0,1 Day,47585-00-01
Orthopaedic,ORT-0575,PATELLOPLASTY including implant,19080.0,1 Day,49534-01-01
Urology,URO-0127,Flexible Ureteroscopy + Dormia stone extraction + DJ insertion + Use of LASER ,19020.0,3 Days,36809-01-00
Neurosurgery,NEU-0046,Lumbar laminectomy one disc ( add 4000 SR if two disc ) ,19000.0,5 Days,40300-00-00
Radiological intervention,XRY-0806,EACH ADDITIONAL COIL/STENT,18962.248799999998,1,99999-99-99
Radiological intervention,XRY-0807,RENAL ANGIOPLASTY,18962.248799999998,1,35303-06-00
Orthopaedic,ORT-0047,REVISN OF DISPL.OR BROKEN FIX. DEVICE AT TARSALS & METATARSAL including implant,18720.0,2 days,47921-00-01
Orthopaedic,ORT-0099,"OPEN REDUCT OF SEPARATED -    EPIPHYSIS AT WRIST ,SHOULDER ,HIP,KNEE,ANKLE ",18720.0,1 Day,90581-00-01
Orthopaedic,ORT-0101,OPEN REDUCT OF SEPARATED -    EPIPHYSIS AT FEMUR,18720.0,1 Day,47525-01-01
Orthopaedic,ORT-0102,OPEN REDUCT OF SEPARATED -    EPIPHYSIS AT TIBIA & FIBULA,18720.0,1 Day,90581-00-01
Orthopaedic,ORT-0566,OPEN REDUCTION & INTERNAL FIXA TION (PINNIG)OF COLES FRACTURE including implant,18720.0,2 days,47366-02-01
ENT,ENT-0055,Ossiculoplasty,18711.0,3 Days,99999-99-99
Orthopaedic,ORT-0151,CLUB FOOT RELEASE,18600.0,1 Day,50321-00-00
Orthopaedic,ORT-0219,MEDIAL COLLATERAL LIGAMENT     REPAIR,18600.0,1,49539-01-01
Orthopaedic,ORT-0222,PES ASERINUS TRANSFER,18600.0,1 Day,49503-03-00
Orthopaedic,ORT-0580,REPAIR OF COLLATERAL LATERAL   LIGAMENT,18600.0,1 Day,49539-01-01
Urology,URO-0142, TURT ( Single more than 3 cm mass) ,18480.0,3 Days,37224-03-00
Orthopaedic,ORT-0046,REVISN OF DISPL.OR BROKEN FIX. AT PATELLA including implant,18090.0,2 days,47921-00-01
Neurosurgery,NEU-0003,Fracture depressed of skull and decompression,18048.11325,3 Days,90007-01-00
Neurosurgery,NEU-0047,Cervical laminectomy one disc ( add 6000 SR if two disc ) ,18000.0,5 Days,40333-00-00
Orthopaedic,ORT-0007,TRANSPLANT OF BONE GRAFT TO   HUMERUS,18000.0,1 Day,48212-00-01
Orthopaedic,ORT-0010,TRANSPLANT OF BONE GRAFT TO - FEMUR,18000.0,1 Day,48200-00-00
Orthopaedic,ORT-0020,BONE SHORTENING AT FEMUR including implant,18000.0,1 Day,48424-07-00
Orthopaedic,ORT-0270,TRANSPLANT OF MUSCLE & TENDON OF HAND,18000.0,1 Day,47966-01-00
Orthopaedic,ORT-0323,AMPUTATION THROUGH HUMERUS,17820.0,2 days,44328-01-00
Orthopaedic,ORT-0378,HIGH TIBIAL OSTEOTOMY W\O GRFT,17820.0,1 Day,48418-00-01
Orthopaedic,ORT-0383,OSTEOTOMY OF SHOULDER,17820.0,1 Day,90569-00-01
Orthopaedic,ORT-0385,OSTEOTOMY OF HUMERUS,17820.0,2 days,48412-00-01
Orthopaedic,ORT-0825,SUTURING OF TEAR MENISCUS USING SUTURING DEVICE,17820.0,1,49563-00-01
Urology,URO-0140,TURP + Cystourethroscopy ( more than 50 cc ) ,17820.0,2 days,37224-03-00
Orthopaedic,ORT-0074,CLOSED REDUCT OF FRACT W/ INT. FIX AT HUMERUS including implant,17730.0,1 Day,47456-01-01
Orthopaedic,ORT-0078,CLOSED REDUCT OF FRACT W/ INT.FIX AT TIBIA & FIBULA including implant,17730.0,1,47566-00-01
Urology,URO-0126,Flexible Ureteroscopy + Dormia stone extraction + DJ insertion ,17700.0,3 Days,36806-02-00
Orthopaedic,ORT-9930,HIP ARTHROSCOPY LABRAL REPAIR,17400.0,2 days,96225-00-00
Orthopaedic,ORT-1048,CHRONDAL TISSUE GRAFT,17370.0,1 Day,49563-00-01
Orthopaedic,ORT-0609,OSTEOTOMY OF FEMUR,17190.0,1,48424-06-01
Urology,URO-0051,Cystourethroscopy and T.U.R. Prostatectomy,17160.0,5-7 Days,37224-03-00
Orthopaedic,ORT-0008,TRANSPLANT OF BONE GRAFT TO   RADIUS & ULNA,17100.0,2 days,48218-00-01
Orthopaedic,ORT-0011,TRANSPLANT OF BONE GRAFT TO   PATELLA,17100.0,1 Day,48239-00-00
Orthopaedic,ORT-0012,TRANSPLANT OF BONE GRAFT TO   TIBIAA & FIBULA],17100.0,2 days,48206-00-00
Orthopaedic,ORT-0727,DISCOGRAPHY ( MULITPLE LEVELS ),17100.0,1 Day,59700-00-00
Obestetric and Gynecology,OBG-0042,C.S with abdominal hysterectomy + neonatal profile,17000.0,4 Days,16520-02-00
Orthopaedic,ORT-0314,QUADRICEPS PLASTY,16800.0,1 Day,49569-00-01
Orthopaedic,ORT-0781,PISSANI OPERATION,16800.0,2 days,49833-00-00
Orthopaedic,ORT-0900,ACROMIOPLASTY including implant,16800.0,2 days,48903-00-01
Opthalmology,OPT-0035,Lamellar Keratoplasty,16568.5905,2 DAYS,42659-00-01
Surgery,SUR-0101,Adrenalectomy,16568.5905,4 Days,36500-01-00
Urology,URO-0049,Radical Nephrectomy  ,16568.5905,10 Days,36528-01-00
Orthopaedic,ORT-0129,OPEN REDUCT OF DISLOCATION AT  HAND & FINGER,16560.0,1 Day,47039-00-01
Orthopaedic,ORT-0133,OPEN REDUCT OF DISLOCATION AT  FOOT & TOE,16560.0,1 Day,47072-00-01
Orthopaedic,ORT-0203,MIDTARSAL FUSION including implant,16560.0,1,50109-00-01
Orthopaedic,ORT-0204,TARSOMETATARSAL FUSION including implant,16560.0,1 Day,49845-00-00
Orthopaedic,ORT-0206,OTHER FUSION OF FOOT including implant,16560.0,1 Day,49845-00-00
Orthopaedic,ORT-0214,METACARPO-CARPAL FUSION including implant,16560.0,1 Day,46303-00-01
Orthopaedic,ORT-0215,METACARPO PHALANGEAL FUSION including implant,16560.0,1,46300-01-01
Orthopaedic,ORT-0388,OSTEOTOMY OF KNEE,16560.0,2 days,90569-00-01
Orthopaedic,ORT-0496,EXPLORATN LYSIS & NERVE SUTURE OF THE ULNAR,16560.0,2 days,39300-00-00
Surgery,SUR-0073,Radial Thyroidectomy,16500.0,7 Days,30296-01-00
Orthopaedic,ORT-0021,BONE SHORTENING AT TIBIA AND   FIBULA including implant,16200.0,1 Day,48418-01-00
Orthopaedic,ORT-0041,"REVISN OF DISPL.OR BROKEN FIX. DEV.AT SCAPULA,CLAVICLE,THORAX including implant",16200.0,2 days,47921-00-01
Orthopaedic,ORT-0044,REVISN OF DISPL.OR BROKEN FIX. DEVICE AT CARPALS & METACARPAL including implant,16200.0,2 days,47921-00-01
Orthopaedic,ORT-0093,OPEN REDUCT OF FRACT W/INT FIX AT CARPALS & METACARPALS including implant,16200.0,2 days,47351-01-01
Orthopaedic,ORT-0094,OPEN REDUCT OF FRACT W/INT FIX AT PHALANGES-HAND including implant,16200.0,1 Day,47306-01-01
Orthopaedic,ORT-0097,OPEN REDUCT OF FRACT W/INT FIX AT TARSALS & METATARSALS including implant,16200.0,1 Day,47624-01-01
Orthopaedic,ORT-0098,OPEN REDUCT OF FRACT W/INT FIX AT PHALANGES-FOT including implant,16200.0,1 Day,47672-03-01
Orthopaedic,ORT-0105,CLOSED REDUCT OF SEPARATED -   EPIPHYSIS AT FEMUR,16200.0,1 Day,47525-00-01
Orthopaedic,ORT-0200,ANKLE FUSION(TIBUTALAR FUSION) including implant,16200.0,1,49712-00-00
Orthopaedic,ORT-0284,TRANSFER OF FINGER EXCPT THUMB including implant,16200.0,1 Day,46507-00-01
Orthopaedic,ORT-0470,OSTEOTOMY AND FIXATION OF DEFORMITIES  OF FOOT DEFORMITIES including implant,16200.0,1 Day,90604-00-00
Orthopaedic,ORT-0475,CORRECTION OF VALGUS DEFORMETY OF ELBOW  including implant,16200.0,1 Day,47018-00-01
Orthopaedic,ORT-0516,OSTEOTOMY AND FIXATION OF DEFORMITIES  OF HAND & FINGER including implant,16200.0,1 Day,90604-00-00
Orthopaedic,ORT-0525,OPEN REDUCT.OF FIX RADIUS HEAD WITH PLATE FIXATION OR EXCISION including implant,16200.0,3 Days,47408-00-01
Orthopaedic,ORT-0582,ELBOW ARTHROSCOPY OF ELBOW SURCAL,16200.0,1,49118-00-01
Orthopaedic,ORT-0675, EXPLORATION OF ANY NERVE WITH REPAIR OF CUT INJURY OF NERVE ,16200.0,2 days,90016-00-00
Orthopaedic,ORT-0702,REMOVAL OF PDN & REINSERTION including implant,16200.0,1 Day,48691-02-00
Orthopaedic,ORT-0769,REMOVAL OF SPINAL INSTRUMENTATION,16200.0,1 Day,50616-01-00
Orthopaedic,ORT-9935,ARTHROSCOPIC AC JOINT REPAIR,16200.0,1 Day,48951-00-01
Obestetric and Gynecology,OBG-0034,Caesarian section twins + normal baby care,16000.0,3 Days,16520-04-00
Urology,URO-0135, TOT ( Excluding Tape price ),15960.0,2 days,96092-00-00
Neurosurgery,NEU-0019,Lumbar Meningocele,15840.0,5 Days,40100-00-00
Obestetric and Gynecology,OBG-0046,Lap. Hysterectomy/Myomectomy,15840.0,4 Days,35653-01-00
Obestetric and Gynecology,OBG-0048,ANTERIOR &POSTERIOR VAGINAL REPAIR ,15840.0,5 Days,35573-00-00
Orthopaedic,ORT-0384,OSTEOTOMY OF WRIST,15840.0,1 Day,90569-00-01
Orthopaedic,ORT-0386,OSTEOTOMY OF ELBOW,15840.0,2 days,90569-00-01
Orthopaedic,ORT-0387,OSTEOTOMY OF HAND & FINGER,15840.0,2 days,46396-01-01
Orthopaedic,ORT-0389,OSTEOTOMY OF ANKLE,15840.0,2 days,90569-00-01
Vasular surgery,VAS-0021,Excision of Haemangioma (Large),15840.0,3 Days,45033-00-00
Vasular surgery,VAS-0031,Embolization  for  extra  session,15840.0,1 Day,35321-10-00
Obestetric and Gynecology,OBG-0041,C.S. & ANC (including all req. Visits during all period of preg.),15648.11325,5 Days,96037-00-00
Urology,URO-0055,V-lap Prostatectomy,15648.11325,1 Day,37209-01-00
Orthopaedic,ORT-0230,REPAIR OF CRUSHED INJURY OF HAND FINGUR including implant,15600.0,1 Day,90548-00-01
Orthopaedic,ORT-0776,ARTHROSCOPIC MNISCAL SUTURE,15600.0,1 Day,49557-00-01
Orthopaedic,ORT-0826,SURGICAL ARTHROSCOPY FOR CARTILLAGE REPAIR IN KNEE/ANKLE JOINT,15600.0,3 Days,49561-01-01
Orthopaedic,ORT-0833,ENDOSCOPIC CARPAL TUNNEL RELEASE,15600.0,1 Day,39331-00-01
Orthopaedic,ORT-0656,GROIN FLAP,15480.0,1 Day,90669-00-00
Orthopaedic,ORT-9921,BICEPS TENODESIS,15480.0,1 Day,47963-00-01
Vasular surgery,VAS-0006,Radio Frequency Ablation for Vericose Veins ( Unilateral),15312.0,1 Day,32520-00-00
Orthopaedic,ORT-0049,"REMVL OF INT. FIXATN DEVICE AT SCAPULA,CLAVICLE,THORAX (R/S)",15300.0,1 Day,47921-00-01
Orthopaedic,ORT-0150,BIOPSY-JOINT STRUCTURE OF      SPINE,15300.0,1,50100-01-01
Orthopaedic,ORT-0173,COMPLETE OR PARTL. RESECTION   OF ANKLE,15300.0,1 Day,90574-01-01
Orthopaedic,ORT-0320,AMPUTATION THROUGH CARPALS,15300.0,1 Day,44325-00-01
Orthopaedic,ORT-0322,AMPUTATION THROUGH FOREARM,15300.0,2 days,44328-00-01
Orthopaedic,ORT-0328,AMPUTATION OF FOREFOOT,15300.0,1 Day,44364-01-01
Orthopaedic,ORT-0329,AMPUTATION THRU MIDDLE OF FOOT,15300.0,1 Day,44364-01-01
Orthopaedic,ORT-0345,REVISN OF AMPUTATN STUMP -    (REAMPUTATION),15300.0,2 days,44376-00-01
Orthopaedic,ORT-0464,CORRECTN OF DEFORM.&TENDON IN  RHEUMATOID ARTHRITIS,15300.0,1 Day,47954-00-01
Orthopaedic,ORT-0693,ARTHRODESIS OF FINGERS/fusion hand,15300.0,1,46300-00-01
Orthopaedic,ORT-0697,CURRETTAGE OF BONE SYST LARGE ABOVE  5 cm ,15300.0,1 Day,30241-00-01
Obestetric and Gynecology,OBG-0038,Abdominal panhysterectomy ,15180.0,4 Days,35653-01-00
Urology,URO-0139, TURP + Cystourethroscopy ( 50cc or less ) ,15180.0,2 days,37224-03-00
Dental,DNTS0331,REMOVAL OF ARCH BAR (TWO JAW),15120.0,2 DAYS,45823-00-00
Orthopaedic,ORT-0599,ULNARIS NERVE TRANSPOSITION,15000.0,1 Day,39321-00-00
Surgery,SUR-0049,Lap.Cholecystectomy  ,15000.0,2 Days,30445-00-00
Orthopaedic,ORT-0273,REATTACHEMNT OF TENDON OF HAND,14940.0,1 Day,90584-01-01
Orthopaedic,ORT-0274,REATTACHEMNT OF MUSCLE OF HAND,14940.0,1 Day,90585-00-00
ENT,ENT-0047,Radical mastoidectomy + Tympanoplasty,14727.635999999999,3 Days,41560-00-01
Obestetric and Gynecology,OBG-0039,Recurrent ovarian tumor (uni or bilateral),14727.635999999999,4 Days,35713-06-02
Opthalmology,OPT-0034,Posterior Vitrectomy,14727.635999999999,3 Days,42725-00-01
Surgery,SUR-0103,Right Hemicolectomy,14727.635999999999,5 Days,32003-01-00
Surgery,SUR-0104,RECTOSIGMOIDECTOMY  BY ANTERIOR Resection ,14727.635999999999,6 Days,32030-01-00
Surgery,SUR-0105,Hartman procedure,14727.635999999999,3 Days,32030-00-00
Surgery,SUR-0117,Left Hemicolectomy,14727.635999999999,1 Day,32006-00-00
Urology,URO-0050,Nephroureterectomy,14727.635999999999,4 Days,36531-01-00
Orthopaedic,ORT-0242,SUTURE OF CAPSULE OR LIGAMENT OF UPPER EXTREMITY,14670.0,1 Day,90582-00-01
Surgery,SUR-0099,Lap.Diaphragmatic Hernia repair,14645.727,5 Days,30601-00-00
Surgery,SUR-0126,Lap.Inguinal hernia repair + mesh,14645.727,2 Days,30609-02-00
Orthopaedic,ORT-0019,OSTEOTOMY W/O FIXATION   SHORTING ,14580.0,2 days,90572-00-01
Orthopaedic,ORT-0268,OTHER SUTURE OF FLEXOR TENDON OF HAND,14580.0,1 Day,46432-00-01
Orthopaedic,ORT-0465,EXCISION OF HEAD OF RADIUS,14580.0,1 Day,48406-03-01
Orthopaedic,ORT-0515,OSTEOTOMY W/O FIXATION   LENTGHING ,14580.0,1 Day,50300-00-00
Orthopaedic,ORT-0612,FRACTURE AT MEDIAL OR LATERAL MALLEOLUS including implant,14580.0,1 day,47597-00-01
Orthopaedic,ORT-0688,TUNNEL BONE GRAFTING,14580.0,2 days,48239-00-00
Orthopaedic,ORT-0818,CLOSED REDUCTION OF INT. FIX. SUPRADONDYLE including implant,14580.0,1 Day,47456-01-01
Orthopaedic,ORT-0110,ORIF TIBIA PLATEAU GRADE 2,14520.0,2 days,40333-00-00
Urology,URO-0041,Partial Cystectomy,14520.0,8 Days,37000-01-00
Urology,URO-0141,TURT ( Single 3 cm mass or less) ,14520.0,2 days,37224-03-00
Vasular surgery,VAS-0017, Release of THORATHIC OUT LET ,14520.0,3 Days,50402-00-01
Orthopaedic,ORT-0100,OPEN REDUCT OF SEPARATED      EPIPHYSIS AT RADIUS & ULNA including implant,14400.0,1 Day,90541-00-01
Orthopaedic,ORT-0583,ARTHROSCOPY OF ELBOW DIAGNOST.,14400.0,1,49118-00-01
Orthopaedic,ORT-0589,ARTHROSCOPY OF WRIST-DIAGNSTIC,14400.0,1,49218-00-01
Orthopaedic,ORT-0598,ARTHROSCOPY OF WRIST SURGICAL,14400.0,1 Day,49218-00-01
Orthopaedic,ORT-1012,MULTIPLE LEVEL FACET RHIZOTOMY,14400.0,1,40330-00-00
Orthopaedic,ORT-0495,TRIPLE FUSION FOR FOOT DEFORM. including implant,14310.0,2 days,49815-00-00
Orthopaedic,ORT-1011,FACET RHIZOTOMY ( COOLED ),14310.0,1,40330-00-00
Orthopaedic,ORT-0771,REVISION OF SPINAL WOUNDS,14220.0,2 days,50620-00-00
Orthopaedic,ORT-0626,SITTING BRACE W/O HEAD SUPPORT including implant,14040.0,1 Day,96092-00-00
Urology,URO-0123,Ureteroscopy + Dormia stone extraction +DJ insertion + Use of LASER ,13872.0,2 Days,36857-00-00
Orthopaedic,ORT-0510,CORRECTION OF CAVUS FOOT DUE   TO PARALYSIS OR IDIOPATHIC including implant,13860.0,2 days,90599-00-01
ENT,ENT-0045,Operation on vocal cords e.g woodman,13807.15875,3 Days,41867-00-00
Obestetric and Gynecology,OBG-0033,Recurrent Myomectomy ,13807.15875,7 Days,35649-03-00
Surgery,SUR-0066,Lap.closure of perforation of D.U ,13807.15875,3 Days,30375-10-00
Surgery,SUR-0107,Imperforated Anus – pull through abdomino perianal,13807.15875,3 Days,32123-00-00
Surgery,SUR-0145,Repair of gastro – Intestinal fistula,13807.15875,6 Days,90340-01-00
Urology,URO-0042,Pyeloplasty,13807.15875,3 Days,36564-01-00
Orthopaedic,ORT-0289,SUTURING OF CUT FACIA ,13740.0,1,30238-00-00
Obestetric and Gynecology,OBG-0028,Caesarian section + normal baby care,13500.0,5 Days,16520-04-00
Obestetric and Gynecology,OBG-0044,Repeated C.S + baby care,13500.0,5 Days,16520-02-00
Surgery,SUR-0068,Total Thyriodectomy + OR recurrent cases  ,13500.0,3 Days,30296-01-00
Vasular surgery,VAS-0013,Arterio Venous Graft (for Dialysis),13500.0,2 Days,34512-00-00
Orthopaedic,ORT-0502,"SEQUESTRECTOMY femure or tibia ,humerus, radius ,ulna including implant",13320.0,1 Day,90573-00-01
Orthopaedic,ORT-0562,MAJOR SKIN GRAFT,13320.0,1 Day,45451-09-00
Cardiology,CAR-0015,Thoracoscopy Therapeutic,13200.0,4 Days,38436-00-00
Orthopaedic,ORT-0050,REMVL OF INT. FIXATN DEVICE AT HUMERUS,13200.0,1 Day,47930-00-01
Orthopaedic,ORT-0053,REMVL OF INT. FIXATN DEVICE AT FEMUR,13200.0,1 Day,47930-00-01
Orthopaedic,ORT-0202,SUBTALAR FUSION including implant,13200.0,1 Day,50118-00-00
Orthopaedic,ORT-0207,OTHER FUSION OF TOE including implant,13200.0,1 Day,90559-00-00
Orthopaedic,ORT-0216,INTRPHALANGEAL FUSION including implant,13200.0,1 Day,46300-00-01
Orthopaedic,ORT-0237,REPAIR OF LIGAMENT INJURY OF ELBOW ,13200.0,1 Day,90536-00-01
Orthopaedic,ORT-0280,BONE RECONSTRUCTION OF THUMB including implant,13200.0,1 Day,99999-99-99
Orthopaedic,ORT-0318,REVISION OF CURRENT TRAUMATIC AMPUTATION,13200.0,2 days,44376-00-01
Orthopaedic,ORT-0331,MIDTARSALS AMPUTATION,13200.0,1 Day,44364-00-01
Orthopaedic,ORT-0346,REVISION OF AMPUTAITON STUMP -(2ND CLOSE),13200.0,2 days,44376-00-01
Orthopaedic,ORT-0532,SURGICAL ARTHOSCOPY PLICA OR  RETINACULUM RELEASE/ARTHROSCO.,13200.0,1 Day,49557-02-01
Orthopaedic,ORT-0538,DIAGNOSTIC ARTHROSCOPIC EXAMIN- ATION - SHOULDER,13200.0,1,48945-00-01
Orthopaedic,ORT-0542,ARTHROTOMY OF SEPTIC KNEE,13200.0,1 Day,49500-01-01
Orthopaedic,ORT-0543,ARTHROTOMY OF THE KNEE,13200.0,1 Day,49500-01-01
Orthopaedic,ORT-0571,FUSION AT FINGER including implant,13200.0,2 days,46300-01-01
Orthopaedic,ORT-1010,REMOVAL OF IMPLANT FEMUR,13200.0,1 Day,47927-01-01
Orthopaedic,ORT-9919,ARTHROSCOPIC RELEASE OF PLANTAR FASCITIS,13200.0,1,49854-00-01
Urology,URO-0039,Stricture Posterior Urethra,13200.0,7 Days,37303-00-00
Vasular surgery,VAS-0010,Femoral Embolectomy,13200.0,5 Days,33806-09-01
Vasular surgery,VAS-0011,Thoracoscopic Sympathectomy (Bilateral),13200.0,2 Days,35003-01-00
Orthopaedic,ORT-0221,SEMITENDINOSUS ADVANCEMENT,13050.0,1,47954-00-01
Orthopaedic,ORT-0288,TENDESIS OF HAND,13050.0,1,47963-01-01
Orthopaedic,ORT-0312,ACHILIS TENDON TENOTOMY AND LENTGHING ,13050.0,1 Day,49718-01-00
Orthopaedic,ORT-1013,DORSAL RHIZOTOMY ( CANCER ),13050.0,1,40330-00-00
Orthopaedic,ORT-0411,REMOVAL OF LARGE BENIGN BONE   OR SOFT TISSUE,12960.0,1 Day,30241-00-01
Orthopaedic,ORT-0463, SYNOVECTOMY OF JOINT REUMOHOD LARGE JOINT,12960.0,1 Day,50104-00-01
ENT,ENT-0046,Arytenoidectomy,12886.6815,4 Days,41867-00-00
Obestetric and Gynecology,OBG-0032,Tuboplasty,12886.6815,3 Days,35694-04-00
Obestetric and Gynecology,OBG-0043,Radical vulvectomy,12886.6815,5 Days,35548-00-00
Surgery,SUR-0123,Faecal fistula Exploration ,12886.6815,7 Days,90304-00-00
Urology,URO-0023,Open Prostatectomy,12886.6815,5-7 Days,37200-05-00
Surgery,SUR-0078,Open Repair of diaphragmatic Hernia ,12804.7725,3 Days,30527-02-00
Orthopaedic,ORT-0259,TENOSYNOVECTOMY OF HAND,12720.0,1,47969-00-01
Orthopaedic,ORT-0265,SUTURE OF TENDON SHEATH OF    HAND,12690.0,1 Day,47972-00-01
Orthopaedic,ORT-0269,OTHER SUTURE OF OTHER TENDON  OF HAND,12690.0,1 Day,90582-01-01
Orthopaedic,ORT-0279,GRAFT RECONSTRUCTION OF THUMB,12690.0,1 Day,45451-06-01
Orthopaedic,ORT-0390,OSTEOTOMY OF TIBIA CHILDREN,12690.0,1 Day,48418-00-01
Orthopaedic,ORT-0501,CALCANEUM OSTEOTOMY FOR CORREC TION OF FOOT DEFORMITIES,12690.0,2 days,50333-00-01
Orthopaedic,ORT-0822,PULLEY RECONSTRUCTION,12690.0,1 Day,90590-00-00
Orthopaedic,ORT-0152,CORRECTIN OF METATARSUS VARUS including implant,12600.0,3 Days,48400-02-01
Orthopaedic,ORT-0451,CORRECTION OF HALUX VALGUS including implant,12600.0,1 Day,49833-00-00
Surgery,SUR-0072,Diverticulation Repair without Mesh,12600.0,3 Days,43816-02-00
Obestetric and Gynecology,OBG-0036,C.S. IUFD Delivery,12540.0,3 Days,16520-04-00
Vasular surgery,VAS-0003,Thoracoscopic Sympathectomy (Unilateral),12540.0,1 Day,35003-01-00
Obestetric and Gynecology,OBG-0025,Laparoscopic ovarian cystectomy,12500.0,2 Days,35638-04-00
Orthopaedic,ORT-0311,HAM STRING LENGHTENING,12330.0,1,47957-00-01
Orthopaedic,ORT-0766,EXCISION OF COCCYX,12330.0,1 Day,30672-00-00
Orthopaedic,ORT-0789,SKIN FLAP REDICLE,12330.0,1 Day,90669-00-00
Urology,URO-0122,Ureteroscopy + Dormia stone extraction + Ureteric cath insertion + Use of LASER,12240.0,3 Days,36806-02-00
Urology,URO-0125,Diagnostic flexible ureteroscopy + Ureteric Cath insertion ,12240.0,1 Day,36824-00-00
Opthalmology,OPT-0037,1. Extracapsular C.E. + I O L,12206.204249999999,6 DAYS,42698-08-01
Orthopaedic,ORT-0175,excision of bone lesion of shoulder,12060.0,1 Day,31205-00-10
Orthopaedic,ORT-0176,excision of bone lesion of elbow ,12060.0,1 Day,31205-00-10
Orthopaedic,ORT-0179,excision of bone lesion of hip,12060.0,1 Day,31235-03-11
Orthopaedic,ORT-0180,excision of bone lesion of knee,12060.0,1 Day,31235-03-11
Orthopaedic,ORT-0243,SUTURE OF CAPSULE OF LIGAMENT OF ANKLE & FOOT,12060.0,1 Day,90582-00-01
Orthopaedic,ORT-0695,CURRETTAGE OF BONE SYST LARGE below 3 cm,12060.0,1 Day,30241-00-01
Orthopaedic,ORT-0784,SCOLIOSIS ROD ADJUSTMENT including implant,12060.0,1 Day,48678-00-00
Orthopaedic,ORT-1026,KNEE JOINT DENERVATION,12060.0,1,50124-01-10
Orthopaedic,ORT-9918,ARTHROSCOPIC  Meniscectomy ,12060.0,2 days,49503-00-00
Cardiology,CAR-0038,Left common iliac femoral A. Bypass,12000.0,4 Days,32712-00-00
Obestetric and Gynecology,OBG-0030,Hysterectomy (vag or abd.),12000.0,5 Days,35653-01-00
Orthopaedic,ORT-0103,CLOSED REDUCT OF SEPARATED  EPIPHUSIS AT humerus /forarm/femure/tibia,12000.0,1 Day,90581-00-01
Orthopaedic,ORT-0104,CLOSED REDUCT OF SEPARATED -  EPIPHYSIS AT RADIUS & ULNA,12000.0,1 Day,90541-00-01
Orthopaedic,ORT-0106,CLOSED REDUCT OF SEPARATED -   EPIPHYSIS AT TIBIA & FIBULA,12000.0,1 Day,90581-00-01
Orthopaedic,ORT-0220,VASTUS MEDIALIS ADVANCEMENT,12000.0,1 Day,90611-01-01
Orthopaedic,ORT-0271,ADVANCEMENT OF TENDON OF HAND,12000.0,2 days,47963-02-01
Orthopaedic,ORT-0430,ARTHROSCOPY OF KNEE - SURGICAL,12000.0,1,49557-00-01
Orthopaedic,ORT-0452,ARTHRODESIS OF THE BIG TOE including implant,12000.0,1 Day,90559-00-00
Orthopaedic,ORT-0472,EXCISION OF THE ACROMION,12000.0,1 Day,48406-09-01
Orthopaedic,ORT-0479,ARTHROSCOPIC EXAMINATION-KNEE,12000.0,1,49557-00-01
Orthopaedic,ORT-0596,ARTHROSCOPY ANKLE SURGICAL,12000.0,1 Day,49700-00-01
Orthopaedic,ORT-0696,CURRETTAGE OF BONE SYST LARGE 3 to 5 cm,12000.0,1 Day,30241-00-01
Orthopaedic,ORT-0726,DISCOGRAPHY ( ONE LEVEL ),12000.0,3 Days,59700-00-00
Orthopaedic,ORT-1014,CHEMICAL RHIZOTOMY(FOR CANCER ALCOHOL OR PHENOL),12000.0,1,40330-00-00
Orthopaedic,ORT-1023,SYMPATHETIC RHIZOTOMY,12000.0,1,40330-00-00
Orthopaedic,ORT-1041,SACROILIAC JOINT DENERVATION RHIZOLYSIS,12000.0,1,39323-00-00
Obestetric and Gynecology,OBG-0031,Myomectomy abdominal,11966.204249999999,5 Days,35649-03-00
Surgery,SUR-0082,Congenital intestinal stricture  Resection Anastomosis /,11966.204249999999,7 DAYS,99999-99-99
Surgery,SUR-0087,Cholecystoduodenostomy,11966.204249999999,5 DAYS,30460-00-00
Surgery,SUR-0090,Parotidectomy,11966.204249999999,5 Days,30247-00-00
Surgery,SUR-0091,Repair of gastro or intestinal perforation,11966.204249999999,7 Days,90304-00-00
Surgery,SUR-0098,Lap vagotomy & gastrectomy,11966.204249999999,4 Days,30518-01-00
Surgery,SUR-0149,Vagotomy + drainage procedure + laporoscopic,11966.204249999999,7 Days,30496-00-00
Obestetric and Gynecology,OBG-0027,Strasimmams,11880.0,3 Days,35680-01-00
Orthopaedic,ORT-0109,ORIF TIBIA PLATEAU GRADE 1,11880.0,2 days,40331-00-00
Surgery,SUR-0071,Laparoscopic Adhesolysis,11880.0,5 Days,30393-00-00
Orthopaedic,ORT-0480, SYNOVECTOMY DUE TO LOOSE BODY LARGE JOINT ,11700.0,1 Day,50104-00-01
Orthopaedic,ORT-0482,"SEQUESTROMY OF SMALL SHORT -   BONES carpal ,tarsal",11700.0,1 Day,90573-00-01
Orthopaedic,ORT-0806,"SEQUESTRECTOMY hand and foot (metatarsal,metacarpal)",11700.0,1 Day,90573-00-01
Orthopaedic,ORT-0469,excision of simple tumour of long bone ,11520.0,1 Day,30241-00-01
Surgery,SUR-0075,Recurrent Hernia w/o Mesh,11520.0,4 Days,30614-02-00
Orthopaedic,ORT-0073,CLOSED REDUCT OF FRACT W/ INT. FIX AT humerus /forarm/femure/tibia including implant,11430.0,2 days,99999-99-99
Orthopaedic,ORT-0076,CLOSED REDUCT OF FRACT W/ INT. FIX AT PHALANGES-HAND including implant,11430.0,1 Day,47300-01-01
Orthopaedic,ORT-0077,CLOSED REDUCT OF FRACT W/ INT.FIX AT FEMUR including implant,11430.0,1 Day,47531-00-01
Orthopaedic,ORT-0079,CLOSED REDUCT OF FRACT W/ INT. FIX AT TARSALS & METATARSALS] including implant,11430.0,1 Day,47621-01-01
Orthopaedic,ORT-0080,CLOSED REDUCT OF FRACT W/ INT. FIX AT PHALANGES - FOOT including implant,11430.0,1 Day,47672-00-01
Orthopaedic,ORT-0308,EXCISION OF BAKER'S CYST,11430.0,1 Day,30114-00-00
Orthopaedic,ORT-0319,AMPUTATION & DISARTICULATION   OF THUMB,11430.0,1 Day,46465-00-01
Orthopaedic,ORT-0327,AMPUTATION OF TOE,11430.0,1 Day,44338-00-01
Orthopaedic,ORT-0619,CLOSED REDUCTION WITH INTERNAL FIXATION RADIUS ULNA including implant,11430.0,1 Day,47363-02-01
Orthopaedic,ORT-0802,FINGER AMPUTATION,11430.0,1 Day,46465-00-01
Orthopaedic,ORT-1028,HIP JOINT DENERVATION,11430.0,1,50124-01-10
Orthopaedic,ORT-9923,BICEPS TENOTOMY,11430.0,1 Day,47963-00-01
Urology,URO-0043,Nephrolithotomy,11413.9179,3 Days,36540-00-01
Urology,URO-0046,Pyelolithotomy,11413.9179,5 Days,36540-00-01
Surgery,SUR-0096,Choledochoduodenostomy ,11385.0,4 Days,30460-03-00
Urology,URO-0037,Ureteroscopy + stone manipulation (Add 700 for Laser),11220.0,1 Day,36803-02-00
Orthopaedic,ORT-0155,"RELEASE OF ADHERENT JNT CAPSUL LIGAMENT,CARTILAGE-ELBOW",11070.0,1 Day,90570-00-01
Orthopaedic,ORT-0291,LYSIS OF ADHESIONS OF HAND,11070.0,1 Day,90544-00-01
Orthopaedic,ORT-0817,EXCISION OF TORN TRIANGULAR FIBFRO CARTILAGE,11070.0,1,90574-01-01
ENT,ENT-0041,Tympanoplasty,11045.727,3 Days,41530-00-01
ENT,ENT-0042,External frontal operation,11045.727,3 Days,41746-00-00
ENT,ENT-0043,External ethmoid operation,11045.727,3 Days,41749-00-00
ENT,ENT-0044,Stapedectomy,11045.727,3 Days,41608-00-01
Surgery,SUR-0079,Excision of hepatic cyst,11045.727,5 Days,30414-00-00
Surgery,SUR-0083,Emlolectomy for limb ischemia,11045.727,7 DAYS,33806-09-01
Surgery,SUR-0084,Drain liver abscess,11045.727,5 Days,30431-00-00
Surgery,SUR-0085,Hydatid cyst liver Excision ,11045.727,5 DAYS,30438-00-00
Surgery,SUR-0088,Cholecystectomy – open,11045.727,7 Days,30443-00-00
Surgery,SUR-0147,Simple mastectomy + cleaning of axillary lymph node + histopath,11045.727,4 Days,31518-00-00
Urology,URO-0019,Repair of Hypospadias – major,11045.727,3 Days,37821-00-00
Urology,URO-0045,Nephrectomy – simple,11045.727,3 Days,36516-01-00
Urology,URO-0076,Nephropexy,11045.727,7 Days,90350-00-00
Urology,URO-0091,Repair of Uretheral fistula,11045.727,3 Days,37336-00-00
Opthalmology,OPT-0026,Cataract extraction without I.O.L,11040.0,3 Days,42698-06-01
Obestetric and Gynecology,OBG-0029,Excision of tubal (ectopic ) pregnancy,11000.0,5 Days,35677-04-00
Surgery,SUR-0118,Inguinal hernia repair  ,10963.818,3 Days,30614-02-00
Orthopaedic,ORT-0154,"RELEASE OF ADHERENT JNT CAPSUL LIGAMENT,CARTILAGE-SHOULDER",10920.0,1 Day,90570-00-01
Orthopaedic,ORT-0158,"RELEASE OF ADHERENT JNT CAPSUL LIGAMENT,CARTILAGE-HIP",10920.0,1 Day,90570-00-01
Orthopaedic,ORT-0159,"RELEASE OF ADHERENT JNT CAPSUL LIGAMENT,CARTILAGE-KNEE",10920.0,1 Day,49500-04-01
Orthopaedic,ORT-0162,"RELEASE OF ADHERENT JNT CAPSUL LIGAMENT,CARTILAGE-SPINE",10920.0,1 Day,90570-00-01
Orthopaedic,ORT-1021,DISC. BICULOPASTY including implant,10920.0,1,39323-00-00
Orthopaedic,ORT-0069,CLOSED REDUCT OF FRACT W/O INT FIX AT FEMUR,10890.0,1,47516-01-01
Orthopaedic,ORT-0141,BIOPSY-JOINT STRUCTURE  OF -   SHOULDER,10890.0,1,48945-01-01
Orthopaedic,ORT-0146,BIOPSY-JOINT STRUCTURE OF HIP,10890.0,1 Day,49303-00-00
Orthopaedic,ORT-0147,BIOPSY-JOINT STRUCTURE OF KNEE,10890.0,1 Day,49500-00-01
Orthopaedic,ORT-0250,TENOTOMY OF HAND,10890.0,1,99999-99-99
Orthopaedic,ORT-0295,ACHILLOOTENOTOMY,10890.0,1 Day,49718-01-00
Orthopaedic,ORT-0051,REMVL OF INT.FIXATN DEVICE AT  RADIUS & ULNA,10800.0,1,47930-00-01
Orthopaedic,ORT-0054,REMVL OF INT. FIXATN DEVICE AT PATELLA,10800.0,1,47930-00-01
Orthopaedic,ORT-0055,REMVL OF INT. FIXATN DEVICE AT TARSALS & METATARSALS,10800.0,1,47921-00-01
Orthopaedic,ORT-0136,EXCISN OF MINISCUS PER ARTHROSC,10800.0,1,49560-03-01
Orthopaedic,ORT-0140,ARTHROTOMY FOR REMOVAL OF     PROSTHESIS AT ANKLE,10800.0,1 Day,90606-01-00
Orthopaedic,ORT-0177, excision of bone lesion of wrist ,10800.0,1 Day,31235-02-11
Orthopaedic,ORT-0306,EXCISION OF MUSCLE SCAR OF     VOLMANN'S CONTRACTURE,10800.0,1,90547-00-01
Orthopaedic,ORT-0307, EXCISN OF MYOSITIS OSSIFICANS AROUND HIP/ELBOW JOINT ,10800.0,1 Day,31350-00-01
Orthopaedic,ORT-0449,REMOVL OF IMPLANT & SMALL BONE,10800.0,1,48691-04-00
Orthopaedic,ORT-0466,EXCISION OF LOWER END ULNA,10800.0,1 Day,48406-05-01
Orthopaedic,ORT-0468,DRAINAGE OF COLD ABSCESS OR    T.B. OF JOINT,10800.0,1 Day,90569-00-01
Orthopaedic,ORT-0474,RAD. HEAD EXC.AFTER FRACTURE,10800.0,1 Day,48406-03-01
Orthopaedic,ORT-0522,RELEASE ADDUCTOR TENDON BILAT PERCUTANOUSE  NCV ,10800.0,1 Day,47963-00-02
Orthopaedic,ORT-0591,REMOVAL OF INT. FIX. DEVICE AT TIBIA,10800.0,1,47930-00-01
Orthopaedic,ORT-0597,ARTHROSCOPIC ANKLE DIAGNOSTIC,10800.0,1,49700-00-01
Orthopaedic,ORT-0631,FEBULAR OSTEOTOMY,10800.0,1 Day,48406-00-01
Orthopaedic,ORT-0809,REMOVAL OF INTERLOCKING NAIL (ILN),10800.0,1,47930-00-01
Orthopaedic,ORT-0810,REMOVAL  OF PLATE AND SCREW,10800.0,1,47930-00-01
Surgery,SUR-0065,SURGICAL RECTOPEXY ,10725.24975,5 Days,32111-00-00
Orthopaedic,ORT-0404,SECOND REVISN OF CARPAL TUNNEL SYNDROME,10710.0,2 days,39331-01-01
Orthopaedic,ORT-0650,"LAT. RETINACULAR RELEASE,KNEE",10710.0,1 Day,49560-02-01
Orthopaedic,ORT-1046,IMAGE GUIDED SPASTIC MUSCLE INJECTION,10692.0,1,18360-01-01
Urology,URO-0038,Stricture Anterior Urethra,10560.0,7 Days,37303-00-00
Urology,URO-0124,Diagnostic flexible ureteroscopy ,10560.0,1 Day,36803-00-00
Surgery,SUR-0050,Lap.Appendectomy,10500.0,2 Days,30572-00-00
Orthopaedic,ORT-0107,DEBRIDEMENT OF COMPOUND FRACT Long bone ,10440.0,1 Day,90580-00-01
Orthopaedic,ORT-0108,DEBRIDEMENT OF COMPOUND FRACT.AT HUMERUS,10440.0,1 Day,90580-00-01
Orthopaedic,ORT-0112,DEBRIDEMENT OF COMPOUND FRACT. AT FEMUR,10440.0,1 Day,90580-00-01
Orthopaedic,ORT-0653,APPLICATION OF HALO RING including implant,10440.0,1,47711-00-00
Orthopaedic,ORT-0075,CLOSED REDUCT OF FRACT W/ INT. FIX AT CARPALS & METACARPALS including implant,10380.0,1 Day,47348-01-01
Orthopaedic,ORT-0420,EXCISION OF MULTIPLE LIPOMA,10380.0,1 Day,31205-00-10
ENT,ENT-0030,Radical mastoidectomy,10309.345199999998,5 Days,41557-01-01
Orthopaedic,ORT-0405,BULLET WOUND TREATMENT - DEEP,10296.0,1 Day,99999-99-99
Orthopaedic,ORT-0142,Biopsy of large joint ,10260.0,1,50100-01-01
Orthopaedic,ORT-0461,CLOSED REDUCTION OF P.O.P. OF  FRACTURE OF THE CALCANEUM,10260.0,1 Day,47609-00-01
Orthopaedic,ORT-0471,EXCISION OF CALCIFICATION OF   THESUPRASPINATUS TENDON,10260.0,1 Day,48900-01-01
Orthopaedic,ORT-0003,BONE GRAFT OUT OF ILIAC BONE-  CREST,10200.0,1 Day,47726-00-01
Vasular surgery,VAS-0004,Insertion of Permicath or Portacath (Procedure Only),10200.0,1 Day,34528-02-00
Surgery,SUR-0062,Subtotal Thyriodectomy + Histopath ,10125.24975,3 Days,30310-00-00
Surgery,SUR-0080,Resection anastomosis of bowel,10125.24975,4 Days,30566-00-00
Surgery,SUR-0089,Splenectomy,10125.24975,5 Days,30597-00-00
Surgery,SUR-0095,Partial gastrectomy,10125.24975,7 Days,30518-01-00
Orthopaedic,ORT-0425,SUCTION IRRIGATION OF JOINT WITH SEPTIC ARTHRITIS ,10080.0,1 Day,50103-00-01
Orthopaedic,ORT-0527,SKELETAL TRACT.FR.FRAC.ADL/CLD including implant,10080.0,2 days,90531-00-00
Orthopaedic,ORT-0530,hohmann correction of hallux valgus  including implant,10080.0,1 Day,48400-03-01
Cardiology,CAR-0002,Cardiac Catherization (Coronary Angiography),10000.0,1,38218-02-00
Vasular surgery,VAS-0014,Varicose veins stripping – bilateral,10000.0,3 Days,32508-00-01
Cardiology,CAR-0006,Thoracoscopy Diagnostic,9900.0,3 Days,38436-00-00
ENT,ENT-0039,Functional Endoscopy Sinus Surgery Grade 3 (F.E.S.S.),9900.0,3 Days,41716-01-00
Obestetric and Gynecology,OBG-0013,Oophorectomy ,9900.0,1 Day,35713-07-00
Obestetric and Gynecology,OBG-0045,Fothergill Operation,9900.0,5 Days,35577-00-00
Vasular surgery,VAS-0016,Excision of Haemangioma (Small),9900.0,3 Days,45033-06-00
Surgery,SUR-0150,Stapler Haemorrhoidectomy ,9867.0,3 Days,32138-02-00
Orthopaedic,ORT-0272,RECESSION OF TENDON OF HAND,9840.0,1 Day,47963-02-01
Surgery,SUR-0154,Acute Peritonitis / Laparotomy,9768.0,4 Days,30373-00-00
Orthopaedic,ORT-0453," REDUCTION OF DISLOCATION & POP (ANKLE ,KNEE,HIP,ELBOW )",9630.0,1,47048-00-01
Orthopaedic,ORT-0052,REMVL OF INT. FIXATN DEVICE AT CARPALS & METACARPALS,9600.0,1,47921-00-01
Orthopaedic,ORT-0166,COMPLETE OR PARTL.RESECTION OF SYNOVIAL MEMBR.-SHOULDER,9600.0,1 Day,48936-00-01
Orthopaedic,ORT-0167,COMPLETE OR PARTL.RESECTION OF SYNOVIAL MEMB.-ELBOW,9600.0,1 Day,49109-01-01
Orthopaedic,ORT-0261, FACIECTOMY OF HAND,9600.0,1 Day,46369-00-01
Orthopaedic,ORT-0455,EXCISION OF OLEACRANON BURSE,9600.0,1,30111-00-01
Orthopaedic,ORT-0533,RETRO-PATELLAR SHAVING PER     ARTHROSCOPY,9600.0,1 Day,49557-00-01
Orthopaedic,ORT-0712,SUTURING OF CUT MUSCLE ,9600.0,1,30235-00-00
Urology,URO-0121,Ureteroscopy + Stone extraction + Ureteric Cath insertion,9600.0,2 Days,36806-02-00
Opthalmology,OPT-0043,Explo/repair orbital floor fracture,9572.9634,1 Day,90082-00-01
Orthopaedic,ORT-0143,BIOPSY-JOINT STRUCTURE OF      ELBOW,9540.0,1,49118-01-01
Orthopaedic,ORT-0144,BIOPSY-JOINT STRUCTURE OF      WRIST,9540.0,1,49218-01-01
Orthopaedic,ORT-0148,BIOPSY-JOINT STRUCTURE OF      ANKLE,9540.0,1,49700-01-01
Orthopaedic,ORT-0178,excision of bone lesion of hand,9540.0,1 Day,31235-02-11
Orthopaedic,ORT-0181,excision of bone lesion of ankle ,9540.0,1 Day,31235-04-11
Orthopaedic,ORT-0255,SKIN GRAFT OF HAND,9540.0,1 Day,45451-05-01
Orthopaedic,ORT-0305,EXCISION OF ANY ACCESSORY BONE ,9540.0,1 Day,90572-00-01
Orthopaedic,ORT-0410,REMOVAL OF MEDIUM BONE OR SOFT TISSUE,9540.0,1 Day,90572-00-01
Orthopaedic,ORT-0477,EXCISN OF STERNOMASTOID TUMOUR,9540.0,1 Day,31350-00-01
Orthopaedic,ORT-0649,SUPRA-PATELLAR NEURECTOMY,9540.0,2 days,39327-00-00
Orthopaedic,ORT-0666,"SKIN GRAFT, FREE ANY AREA",9540.0,1 Day,90669-00-00
Orthopaedic,ORT-1053,PERCUTAENOUS FACET NEUROTOMY,9540.0,1,39118-00-00
Orthopaedic,ORT-0168,COMPLETE OR PARTL.RESECTION OF SYNOVIAL MEMB.-WRIST,9450.0,1 Day,46342-00-01
Orthopaedic,ORT-0347,REVISION OF AMPUTATION STUMP - (TRIMMING),9450.0,2 days,44376-00-01
Opthalmology,OPT-0033,2. Secondary insertion of IOL,9444.7725,2 Days,42701-00-01
Orthopaedic,ORT-0403,CARPAL TUNNEL DECOMPRESION,9360.0,1 Day,39331-01-01
Urology,URO-0015,Laparoscopic Varicocele,9240.0,1 Day,30390-00-00
Opthalmology,OPT-0028,Anterior vitrectomy,9204.7725,3-4 Days,42719-01-01
Opthalmology,OPT-0032,Explo/excision orhital tumor + histopath,9204.7725,3 Days,42574-00-01
Surgery,SUR-0077,Strangulated hernia + resection  anastomosis of bowel,9204.7725,6 Days,30405-02-00
Surgery,SUR-0093,Release of intestinal volvolous,9204.7725,7 Days,30566-00-00
Urology,URO-0026,Orchidopexy for undescended testis (Bilateral),9204.7725,2 Days,37604-10-00
Urology,URO-0047,Ureterolithotomy,9204.7725,5 Days,36549-00-00
Orthopaedic,ORT-0156,"RELEASE OF ADHERENT JNT CAPSUL LIGAMENT,CARTILAGE-WRIST",9180.0,1 Day,90570-00-01
Cardiology,CAR-0004,Cardiac Catherization Peadia,9000.0,1,38206-00-00
Opthalmology,OPT-0030,Glaucoma operation trabeculectomy,9000.0,3 Days,42746-04-01
Orthopaedic,ORT-0070,CLOSED REDUCT OF FRACT W/O INT FIX TIBIA & FIBULA,9000.0,1 Day,47564-00-01
Orthopaedic,ORT-0296,ADDUCTIONTENOTOMY OF HIP,9000.0,2 days,50375-01-00
Orthopaedic,ORT-0300,STRIP OF ILIO-TIBIAL BOND,9000.0,1 Day,90579-00-01
Orthopaedic,ORT-0309,ACHILES TENDON REPAIR ,9000.0,1 Day,49718-01-00
Orthopaedic,ORT-0435,MANIPULATION UNDER G.A. SHLDER,9000.0,1 day,50115-00-00
Orthopaedic,ORT-0436,MANIPULATION UNDER G.A. KNEE,9000.0,1,50115-00-00
Orthopaedic,ORT-0437,MANIPULATION UNDER G.A. ELBOW,9000.0,1 day,50115-00-00
Orthopaedic,ORT-0438,MANIPULATION UNDER G.A. UNSPECSITE (SINGLE JOINT SHOULDER or ELBOWor KNEE ),9000.0,1 day,99999-99-99
Orthopaedic,ORT-0456,BIOPSY OF SWELLING OF BONE TUMUR ,9000.0,1,50200-00-01
Orthopaedic,ORT-0109,DEBRIDEMENT OF COMPOUND FRACT. AT RADIUS & ULNA,8820.0,1 Day,90580-00-01
Orthopaedic,ORT-0110,DEBRIDEMENT OF COMPOUND FRACT. AT CARPALS & METACARPALS,8820.0,1 Day,90580-00-01
Orthopaedic,ORT-0111,DEBRIDEMENT OF COMPOUND FRACT. AT PHALANGES-HAND,8820.0,1 Day,90580-00-01
Orthopaedic,ORT-0113,DEBRIDEMENT OF COMPOUND FRACT. AT TIBIA & FIBULA,8820.0,1 Day,90580-00-01
Orthopaedic,ORT-0114,DEBRIDEMENT OF COMPUND FRACT.  AT TARSALS & METATARSALS,8820.0,1 Day,90580-00-01
Orthopaedic,ORT-0115,DEBRIDEMENT OF COMPOUND FRACT. AT PHALANGES -FOOT,8820.0,1 Day,90580-00-01
Orthopaedic,ORT-0256,BURSECTOMY OF HAND,8820.0,1,30107-01-01
ENT,ENT-0035,Laser Assited Uveloplatoplasty (LAUP),8580.0,2 Days,41786-00-00
ENT,ENT-0038,Functional Endoscopy Sinus Surgery Grade 2 (F.E.S.S.),8580.0,2 Days,41764-01-00
Obestetric and Gynecology,OBG-0037,Simple Vulvectomy,8580.0,4 Days,35536-01-00
Surgery,SUR-0054,Skin Grafting - Large,8580.0,2 Days,99999-99-99
Orthopaedic,ORT-0521,REMVL OF ACCESSORY BONE -FOOT,8550.0,1,48400-01-01
Orthopaedic,ORT-0673,REMOVAL OF FOREIGN BODY(FOOT or HAND),8550.0,1,92201-00-00
Orthopaedic,ORT-0476,DRAINAGE OF HAND INFECTN SEPT- ICE TENOSYNOVITIS OF HAND,8520.0,1 Day,30223-03-01
Orthopaedic,ORT-0298,sTrip of tendon for tendon graft,8424.0,1 Day,47954-00-01
Orthopaedic,ORT-0302,BIOPSY OF SOFT TISSUE OF HAND,8370.0,1,30075-01-02
Orthopaedic,ORT-0299,TENDON RELEASE IN TRIGGER / CHRONIC ADHESIONS ,8340.0,1,47963-00-01
Obestetric and Gynecology,OBG-0021,Manchester repair,8284.29525,1 Day,35577-00-00
Opthalmology,OPT-0024,Repair of corneal and sclera laceration,8284.29525,4 Days,42551-02-00
Opthalmology,OPT-0031,Recurrent Ptosis,8284.29525,3-4 Days,45623-05-01
Surgery,SUR-0046,Large incisional hernia w/o mesh,8284.29525,2 Days,30403-00-00
Surgery,SUR-0047,pyloromyotomy ,8284.29525,3 Days,43930-00-00
Surgery,SUR-0081,Hemi Thyriodectomy + histopath,8284.29525,6 DAYS,30310-00-00
Surgery,SUR-0100,Cholecystostomy  ,8284.29525,2 DAYS,30375-05-00
Urology,URO-0018,Repair of Hypospadias – minor,8284.29525,3 Days,37821-00-00
Orthopaedic,ORT-0263, MYECTOMY OF HAND,8280.0,1 Day,30229-00-01
Orthopaedic,ORT-0561,MINOR SKIN GRAFT,8280.0,1,90669-00-00
Orthopaedic,ORT-1020,RELEASE ADHESION OF NERVE ,8280.0,1,39330-00-00
Orthopaedic,ORT-1027,GENICULAR NERVE ABLATION,8280.0,1,50124-01-10
Orthopaedic,ORT-1029,SHOULDER JOINT DENERVATION,8280.0,1,50124-01-10
Orthopaedic,PDS-0105,PRE-AURICULAR SINUS OR CYST FOR EXCISION UNDER GA,8208.0,1,30104-00-01
Orthopaedic,ORT-0254,excision of soft tissue swelling of hand ,8190.0,1,31350-00-01
Urology,URO-0036,Diverticulum (Excision of Bladder),8184.0,6 Days,37020-01-00
Orthopaedic,ORT-0065,CLOSED REDUCT OF FRACT W/O INT. FIX AT humerus /forarm/femure/tibia,8160.0,1 Day,99999-99-99
Orthopaedic,ORT-0116,"CLOSED REDUCTION OF DISLOCATION AT UNSPECIFIED SITE SHOULDER,ELBOW,KNEE,HIP",8160.0,1,99999-99-99
Orthopaedic,ORT-0117,CLOSED REDUCT OF DISLOCATN AT SHOULDER,8160.0,1,47009-00-02
Orthopaedic,ORT-0118,CLOSED REDUCT OF DISLOCATN AT  ELBOW,8160.0,1,47018-00-01
Orthopaedic,ORT-0121,CLOSED REDUCT OF DISLOCATN AT  HIP,8160.0,1,47036-00-01
Orthopaedic,ORT-0122,CLOSED REDUCT OF DISLOCATN AT  KNEE,8160.0,1,47054-00-01
Orthopaedic,ORT-0123,CLOSED REDUCT OF DISLOCATN AT  ANKLE,8160.0,1,47063-00-01
Orthopaedic,ORT-0565,CLOSE REDUCTION U.G.A. FOR    FRACTURE HUMERUS,8160.0,1 day,47456-00-01
Orthopaedic,ORT-9903, REDUCTION OF JOINT DISCL.W/G.A SHOULDER ,8160.0,1 Day,99999-99-99
Orthopaedic,ORT-0406,BULLET WOUND TREATMNT-SUPERFIC(SUPERFICIAL),8028.0,1,99999-99-99
Opthalmology,OPT-0020,Squint Correction,8000.0,3-4 Days,42833-00-00
Opthalmology,OPT-0056,CHOROIDAL DRAINAGE INSIDE - BILATERAL,7920.0,1,42809-00-02
Orthopaedic,ORT-0160,"RELEASE OF ADHERENT JNT CAPSUL LIGAMENT,CARTILAGE-ANKLE",7920.0,1 Day,90570-00-01
Orthopaedic,ORT-0260,EXCISION OF MUSCLE OR FACIA OF HAND FOR GRAFT,7920.0,1,90577-00-01
Vasular surgery,VAS-0012,Midtarsal Amputation,7920.0,2 Days,44364-00-01
Orthopaedic,ORT-0670,EXCISION OF NEUROMA FINGER,7848.0,1,39324-02-00
Orthopaedic,ORT-0253,EXCISION OF LESION OF MUSCLE   OF HAND,7800.0,1,31350-00-01
Orthopaedic,ORT-0119,CLOSED REDUCT OF DISLOCATN AT  WRIST,7740.0,1,47024-02-01
Orthopaedic,ORT-0120,CLOSED REDUCT OF DISLOCATN AT  HAND & FINGER,7740.0,1,47042-00-01
Orthopaedic,ORT-0124,CLOSED REDUCT OF DISLOCATN AT  FOOT & TOE,7740.0,1,47069-00-01
Orthopaedic,ORT-0246,MYOTOMY OF HAND,7740.0,1 Day,90545-00-01
Orthopaedic,ORT-0248,INCISION & DAINAGE OF PALMAR   OR THENAR SPACE,7740.0,1 Day,46519-00-01
Vasular surgery,VAS-0009,Superficialization of Vein,7656.0,1 Day,34518-00-00
Orthopaedic,ORT-0169,COMPLETE OR PARTL.RESECTION OF SYNOVIAL MEMB.-HAND & FINGER,7650.0,1 Day,50104-00-01
Orthopaedic,ORT-0633,REMOVAL OF EXTERNAL FIXATOR,7650.0,1,47948-00-01
Orthopaedic,ORT-0245,EXPLORATION OF TENDON SHEAT OF HAND,7560.0,1 Day,47972-00-01
Opthalmology,OPT-0042,Recurrent pterygium with grafting (conj.lamellar k.p.),7500.0,4 Days,42686-00-01
Orthopaedic,ORT-0304,EXCISION OF LESION (GANGLION) OF TENDON EXCEPT HAND,7380.0,1,30107-00-01
Orthopaedic,ORT-1016,MULTIPLE OR BILATERAL SELECTIVE NERVE ROOT BLOCK,7380.0,1,39013-00-00
ENT,ENT-0028,Simple mastoidectomy,7363.817999999999,1-2 Days,41545-00-01
Obestetric and Gynecology,OBG-0023,Ovarian cystectomy – surgery,7363.817999999999,3 Days,35713-04-00
Opthalmology,OPT-0018,Corneal dermoid excision,7363.817999999999,3 Days,42573-00-01
Opthalmology,OPT-0025,Ptosis repair,7363.817999999999,2 Days,45623-05-01
Opthalmology,OPT-0027,Lacrimal canalliculum reconst,7363.817999999999,5 Days,42605-00-01
Surgery,SUR-0039,Fistula – in -ano excision – high,7363.817999999999,1,90315-01-00
Surgery,SUR-0042,Anal fissure operation + sphincterectomy + anoplasty,7363.817999999999,2 Days,90338-00-00
Surgery,SUR-0048,Closure of colostomy with anastomosis,7363.817999999999,5 days,30562-03-00
Surgery,SUR-0057,Branchial cyst Excision,7363.817999999999,2 Days,30286-00-00
Surgery,SUR-0069,Excision of submandibular gland,7363.817999999999,3 Days,30256-00-00
Surgery,SUR-0121,Thyroglossal cyst,7363.817999999999,3 Days,90559-00-00
Urology,URO-0022,Cystoscopy + Diathermy of Bladder Carcinoma,7363.817999999999,2 Days,36840-03-00
Urology,URO-0032,Ligation of varicocele ( two sides ),7363.817999999999,1,30635-00-02
Urology,URO-0034,Radical Orchidectomy + Histopath,7363.817999999999,2 Days,30641-00-00
Surgery,SUR-0060,Imperforated Anus – Colostomy,7343.34075,3 Days,30375-04-00
Orthopaedic,ORT-0157,"RELEASE OF ADHERENT JNT CAPSUL LIGAMENT,CARTILAGE-HAND*FINGER",7290.0,1 Day,90570-00-01
Orthopaedic,ORT-0161,"RELEASE OF ADHERENT JNT CAPSUL LIGAMENT,CARTILAGE-FOOT & TOE",7290.0,1 Day,90570-00-01
Cardiology,CAR-0014,Intra aortic ballon insertion,7281.909,1,38609-00-00
Surgery,SUR-0033,Partial Mastectomy ,7260.0,3 Days,31500-00-01
Surgery,SUR-0074,Enuclation of Thyroid Cyst,7260.0,5 Days,30310-00-00
Urology,URO-0012,ESWL-Large Stone,7260.0,1,92199-00-00
Orthopaedic,ORT-0801,RELEASE OF DE QUERVAIN,7200.0,1 Day,46363-00-01
Orthopaedic,ORT-0812,Arthroscopic debridment of shoulder/knee ,7200.0,1 day,30023-00-01
Surgery,SUR-0026,ERCP Therapeutic,7200.0,1,30484-00-00
Urology,URO-0014,Percutaneous Nephrostomy,7200.0,2 Days ,36552-00-01
Orthopaedic,ORT-0068,CLOSED REDUCT OF FRACT W/O INT FIX AT PHALANGES - HAND,7110.0,1,47300-00-01
Orthopaedic,ORT-0071,CLOSED REDUCT OF FRACT W/O INT FIX AT TARSALS & MATATARSALS,7110.0,1 Day,47621-00-01
Orthopaedic,ORT-0072,CLOSED REDUCT OF FRACT W/O INT FIX AT PHALANGES-FOOT,7110.0,1 Day,47672-00-01
Orthopaedic,ORT-0145,BIOPSY-JOINT STRUCTURE OF HAND & FINGER,7110.0,1,50100-01-01
Orthopaedic,ORT-0149,BIOPSY-JOINT STRUCTURE OF FOOT & TOE,7110.0,1,50100-01-01
Orthopaedic,ORT-0460,INCISION & DRAINAGE OF ABSCESS ANY AREA Under GA  as day case surgery ,7110.0,1,30223-01-00
Urology,URO-0065,URETEROSCOPY WITHOUT STENT(DIAGNOSTIC),7020.0,1 Day,36803-00-00
Vasular surgery,VAS-0008,Varicose veins stripping – unilateral,7000.0,3 Days,32508-00-01
Vasular surgery,VAS-0002,Arterio Venous Fistula (AV Fistula),6996.0,1 Day,34512-00-00
ENT,ENT-0025,Internasal Ethmiodectomy endoscopic (UNILAT),6995.627099999999,1 Day,41737-02-00
ENT,ENT-0037,Caldwell-Luc operation,6995.627099999999,3 Days,41710-00-00
Opthalmology,OPT-0023,Cyclodialysis,6995.627099999999,1-2 Days,42770-00-01
Urology,URO-0025,Orchidopexy for undescended testis (one side),6995.627099999999,1 Day,37604-10-00
Orthopaedic,ORT-0257,EXCISION OF TENDON OF HAND FOR GRAFT,6912.0,1,90578-00-01
Orthopaedic,ORT-1017,IMAGE GUIDED SELECTIVE NERVE ROOT MODULATION,6840.0,1,39013-00-00
Orthopaedic,ORT-1022,IMAGE GUIDED INTERVENTION FOR DISCOGENIC PAIN,6840.0,1,39118-00-00
Surgery,SUR-0063,Colostomy,6791.0544,2 DAYS,30375-04-00
Orthopaedic,ORT-0409,REMOVAL OF SIMPLE BENIGN BONE  OR SOFT TISSUE,6660.0,1,30241-00-01
Opthalmology,OPT-0029,Intraocular FB Removal,6627.436199999999,3 Days,42563-00-01
ENT,ENT-0033,Cordopexy,6600.0,2 Days,90160-00-00
ENT,ENT-0034,Functional Endoscopy Sinus Surgery Grade 1 (F.E.S.S.),6600.0,1,41764-01-00
Obestetric and Gynecology,OBG-0012,Hysteroscopy with Procedure,6600.0,1 Day,35630-00-00
Orthopaedic,ORT-0632,CORRECTION OF EXTERNAL FIXATOR,6600.0,1 Day,50130-00-01
Orthopaedic,ORT-0811,REMOVAL OF SCREWS,6600.0,1,47927-00-01
Surgery,SUR-0043,Haemorrhoidectomy or Pile Under G.A.(Surgical Excision),6600.0,3 Days,32138-00-00
Surgery,SUR-0053,Skin Grafting- Meduim,6600.0,2 Days,99999-99-99
Urology,URO-0132,PCNL 2nd look after initial procedure,6600.0,1 Day,36540-00-02
Orthopaedic,ORT-0066,CLOSED REDUCT OF FRAC W/O INT. FIX AT RADIUS & ULNA,6480.0,1,47363-00-01
ENT,ENT-0031,Septoplasty,6443.34075,2 Days,41671-02-00
ENT,ENT-0032,Oro-antral fistula,6443.34075,2 Days,41722-00-00
Obestetric and Gynecology,OBG-0022,Ventro suspension,6443.34075,2 Days,35637-04-00
Obestetric and Gynecology,OBG-0024,Salpingectomy / Salpingostomy,6443.34075,3 Days,35713-09-00
Opthalmology,OPT-0016,Biopsy of orbital tumors w/out histopath,6443.34075,2 Days,42533-01-01
Opthalmology,OPT-0019,Dacro cystorhinostomy,6443.34075,3-4 Days,42623-00-01
Surgery,SUR-0061,Appendectomy (open),6443.34075,2-3 Days,30571-00-00
Urology,URO-0030,Excision of spermatocele,6443.34075,1 Day,37601-00-00
Urology,URO-0035,Suprapubic Cystotomy for stone,6443.34075,3-4 Days,37008-03-00
Cardiology,CAR-0030,External pacemaker ( procedure cost),6441.909,1 ICU + 3 WARDS,99999-99-99
Orthopaedic,ORT-0316,REMOVAL OF SKELETAL MUSCLE -  STIMULATOR,6300.0,1,90566-00-01
Orthopaedic,ORT-0421,REMOVAL OF INGROWN TOE NAIL,6300.0,1,47915-00-01
Surgery,SUR-0076,High anal fistula & branched anal fistula w/out colostomy,6072.0,4 Days,90315-01-00
Orthopaedic,ORT-0006,"TRANSPLANT BONE TO SCAPULA,   CLAVICLE,THORAX (RIBS/STERNUM)",6000.0,2 days,48239-00-00
Orthopaedic,ORT-0244,SUTURE OF DIAGNOSTIC PROCEDUREON JNT STRUCTURE-LOWER EXTR.,6000.0,1,99999-99-99
Orthopaedic,ORT-0483,GRADUAL SKIN TRACTN OF CON.HIP DEFORMITY,6000.0,2 days,90531-00-00
Orthopaedic,ORT-0779,LUMBAR COCKTAIL INJECT + FACET BLOCK,6000.0,1,39013-00-00
Orthopaedic,ORT-1018,IMAGE GUIDED CERVICAL EDIPURAL,6000.0,1,90018-00-00
Orthopaedic,ORT-1019,IMAGE GUIDED INTERLAMINAR OR CAUDAL EPIDURAL,6000.0,1,90019-00-00
Obestetric and Gynecology,OBG-0035,Vaginal IUFD Delivery ,5940.0,3 Days,90468-06-00
Urology,URO-0011,ESWL-Medium Stone,5940.0,2 DAYS,92199-00-00
Surgery,SUR-0040,Pilonidal sinus Excision ,5891.0544,3 Days,30676-01-00
Surgery,SUR-0044,Gastrostomy,5891.0544,3 Days,30375-07-00
Urology,URO-0031,Ligation of varicocele ( one side ),5891.0544,1,30635-00-01
ENT,ENT-0036,Microscopic Laryngoscopy & biopsy OR Polypectomy,5522.8635,2 Days,41864-00-00
ENT,ENT-0040,Correction deviated nasal septum ( S.M.R),5522.8635,3 Days,41671-02-00
Obestetric and Gynecology,OBG-0016,Posterior colpoperineiorrhaphy,5522.8635,3 Days,35571-00-00
Obestetric and Gynecology,OBG-0017,Amputation of cervix,5522.8635,3 Days,35618-03-00
Obestetric and Gynecology,OBG-0018,Anterior colpoperineiorrhaphy,5522.8635,4 Days,35570-00-00
Opthalmology,OPT-0013,Enucleation with Implant GA,5522.8635,2 Days,42509-00-00
Surgery,SUR-0036,Mastectomy Male ( not gynaecomastia),5522.8635,3 Days,31518-00-00
Surgery,SUR-0038,Fistula – in -ano excision – low,5522.8635,3 Days,32159-00-00
Surgery,SUR-0045,Small incisional hernia w/o hernioplasty,5522.8635,2 Days,30403-00-00
Surgery,SUR-0070,Laparotomy without procedure,5522.8635,4 Days,30373-00-00
Surgery,SUR-0086,Male mastectomy for gynaecomastia,5522.8635,8 Days,31518-00-00
Urology,URO-0027,Simple Orchidectomy,5522.8635,2 Days,30641-00-00
Urology,URO-0029,Hydrocelectomy,5522.8635,2 Days,30631-00-01
Obestetric and Gynecology,OBG-0020,Normal delivery OR assited + baby care,5500.0,2 Days,90467-00-00
Orthopaedic,ORT-0067,CLOSED REDUCT OF FRAC.W/O INT.FIX AT CARPALS & METACARPALS,5400.0,1 Day,47348-00-01
Orthopaedic,ORT-0541,RELEASE OF TRIGGER FINGER1,5400.0,1,46363-00-01
Orthopaedic,ORT-0791,DENERVATION SENSORY NERVE AT WRIST LEVEL,5400.0,1 Day,39118-00-00
Orthopaedic,ORT-1042,GANGLION IMPAR FOR COCCYDINEA,5400.0,1,18284-00-01
Radiological intervention,XRY-0840,Steroid/joint injection ,5400.0,1 DAY,96196-03-00
Radiological intervention,XRY-0842,Lumbar Puncture ,5400.0,1 DAY,39000-00-00
Surgery,SUR-0052,Skin Grafting- Small,5280.0,2 Days,45439-00-00
Urology,URO-0010,ESWL-Small Stone,5280.0,1,92199-00-00
Urology,URO-0120,Ureteroscopy + check for stone residual + DJ stent removal ,5280.0,1 Day,36833-01-00
Urology,URO-0136, Circumcission for Adults ,5280.0,1 Day,30653-00-00
Urology,URO-0024,Cystolithopaxy ( cystoscopic),5154.672599999999,5 DAYS,36863-00-00
Opthalmology,OPT-0055,CHOROIDAL DRAINAGE INSIDE - UNILATERAL,5082.0,1,42809-00-01
Obestetric and Gynecology,OBG-0019,Vaginal/perineal repair,5000.0,3 Days,90481-00-00
Urology,URO-0006,Cystoscopy +Insertion of DJ Stent (unilateral or Bilateral),4881.909,1 Day,36821-01-00
Orthopaedic,ORT-0418,DEEP CUT WOUND - LARGE (10-20 STITCHES) ( G.A ) ( with Debridment ),4800.0,1,30026-00-30
Orthopaedic,ORT-0644,EXPLOR.OF RETRO-PERITO.REGION,4800.0,2 days,90011-01-00
Orthopaedic,ORT-1040,IMAGE GUIDED SACROILIAC JOINT INJECTION,4800.0,1,50124-01-10
Radiological intervention,XRY-0829,SPINAL EPIDURAL INJECTION ,4800.0,1 DAY,18216-27-00
Obestetric and Gynecology,OBG-0002,Aspiration of Ovarian Cyst,4620.0,1,35518-00-00
Surgery,SUR-0034,anoplasty ,4620.0,2 Days,32123-00-00
Urology,URO-0033,Lithopaxy End.Blader Stone,4620.0,1-2 Days,36863-00-00
ENT,ENT-0015,Removal of benign tumors of the vocal cords,4602.38625,1 Day,41864-00-00
ENT,ENT-0026,S.M.R Submucus resection,4602.38625,1-2 Days,41671-01-00
ENT,ENT-0029,Intra nasal antrostomy (bilateral),4602.38625,1 Day,41716-02-00
ENT,ENT-0049,Foreign body removal from trachea,4602.38625,1 Day,41886-00-00
Obestetric and Gynecology,OBG-0009,Douglas pounch abcess drainage,4602.38625,2 Days,30394-00-00
Opthalmology,OPT-0017,Mucous mem. Grafting trichiasis,4602.38625,3 Days,42860-00-01
Surgery,SUR-0025,ERCP Diagnostic,4602.38625,1,30484-00-00
Surgery,SUR-0035,Biopsy of breast + tissue tumor excision including histopath,4602.38625,2 Days,31500-00-01
Surgery,SUR-0059,Imperforated Anus – Perineal Anoplasty,4602.38625,3 Days,32123-00-00
Surgery,SUR-0137,Lumpectomy + histopath,4602.38625,3 Days,31500-00-01
Surgery,SUR-0037,Gynecomastia male unilateral,4554.0,1 Day,31500-00-01
Surgery,SUR-0022,Excision of multiple big lipoma + HISTOPATH,4500.0,1,31205-00-30
Urology,URO-0003,Cystoscopy + Biopsy+ Histopath,4500.0,1 Day,36812-00-00
Orthopaedic,ORT-0417,DEEP CUT WOUND - MEDIUM  (5-10 STITCHES) UNDER GA,4320.0,1,30026-00-20
Orthopaedic,ORT-1015,NERVE BLOCK BY SELECTIVE NERVER ROOT INJECTION,4320.0,1,39013-00-00
Opthalmology,OPT-0012,Pterygium or Recurrent Pterygium GA,4050.0999,2 DAYS,42686-00-01
Opthalmology,OPT-0022,Pterygium + Recurrent Pterygium,4050.0,1 Day,42686-00-02
ENT,ENT-0027,Tracheostomy,4000.0,2 Days,41881-00-00
Surgery,SUR-0008,Removal of thrombosed pile,4000.0,1,32135-01-00
ENT,ENT-0003,Excision of uvula  - GA,3681.9089999999997,1,41810-01-00
ENT,ENT-0014,Aural polypectomy,3681.9089999999997,1,41506-00-01
Opthalmology,OPT-0009,Enucleation GA,3681.9089999999997,2 Days,42506-00-00
Opthalmology,OPT-0014,Iridectomy laser ,3681.9089999999997,2 DAYS,42764-04-01
Surgery,SUR-0024,Excision of multiple neurofibroma -LA,3681.9089999999997,1,31350-00-01
Surgery,SUR-0030,Excision of simple tumor or chronic abscess of breast w/o histopath,3681.9089999999997,1,31551-00-01
Surgery,SUR-0114,ZADEK'S Pocedure,3681.9089999999997,3 Days,47918-00-01
Opthalmology,OPT-0008,Dacro cystectomy,3497.8135499999994,3 Days,42596-01-01
Obestetric and Gynecology,OBG-0015,Cervical circulage,3361.43175,1,16511-00-00
Opthalmology,OPT-0005,Tarsorraphy,3313.7180999999996,1-2 Days,42584-00-01
Opthalmology,OPT-0011,Lacrimal gland biopsy w/out histopath,3313.7180999999996,1 Day,30075-35-01
Surgery,SUR-0007,Excision of lipoma- GA,3313.7180999999996,1,92514-99-00
Surgery,SUR-0012,Ischio rectal abscess I & D – GA,3313.7180999999996,1,32174-02-00
Surgery,SUR-0029,Perianal abscess I & D – GA,3313.7180999999996,1,32174-01-00
ENT,ENT-0029A,Intra Nasal Antrostomy (Unilateral),3313.2,1 Day,41716-01-00
ENT,ENT-0022,Tonsillectomy with/ out Adenoidectomy,3300.0,1 Day,41789-00-00
Urology,URO-0144,D.J STENT INSERTION,3203.76,1,36821-01-00
ENT,ENT-0070,Assisted Endoscopic Adenoidectomy,3036.0,1 Day,41801-00-00
Obestetric and Gynecology,OBG-0008,D & C + 300SR (histopath),3000.0,1,35640-00-00
Opthalmology,OPT-0002,Pterygium Removal L.A.,3000.0,1 Day,42686-00-01
Urology,URO-0007,Cystoscopy + Removal of DJ Stent (unilateral or Bilateral),3000.0,1,36833-01-00
Obestetric and Gynecology,OBG-0001,Polypectomy curretage ,2945.5272,1,35633-01-00
Urology,URO-0008,True cut needle biopsy – Cystoscopy + histopath,2945.5272,1,36836-00-00
Cardiology,CAR-0041,Thallium Stress test,2761.43175,1 Day,11712-00-00
ENT,ENT-0012,Excision of lumps from neck and head,2761.43175,1 Day,31235-01-10
ENT,ENT-0024,REMOVAL of Foreign body from oesophagus,2761.43175,1-2 Days,30478-10-00
Obestetric and Gynecology,OBG-0006,Shirodkar suture inclusive,2761.43175,1,16511-00-00
Obestetric and Gynecology,OBG-0007,Laparoscopy (not for infertility investigation),2761.43175,1,30390-00-00
Opthalmology,OPT-0003,Ectropion CORRECTION SIMPLE TYPE  ,2761.43175,1-2 Days,45626-00-01
Opthalmology,OPT-0015,Capsulotomy laser,2761.43175,2 Days,42734-01-01
Surgery,SUR-0011,Excision of lipoma- LA,2761.43175,1,99999-99-99
Surgery,SUR-0020,Excision of ganglion cyst,2761.43175,1,30107-00-01
Urology,URO-0004,Meatotomy,2761.43175,1 Day,37321-00-00
Urology,URO-0021,Cystoscopy + Optical Urethroscopy,2761.43175,2 Days,36812-00-00
Urology,URO-0056,Cystoscopy + urethral Dilatation,2761.43175,1 Day,36812-00-00
Obestetric and Gynecology,OBG-0014,Mcdonal Suture,2640.0,1,16511-00-00
ENT,ENT-0050,Tubinectomy,2580.6,1-2 Days,41689-02-00
Surgery,SUR-0013,Anal dilatation,2577.3362999999995,1,32153-00-00
Surgery,SUR-0018,Removal of F.B from upper GIT,2577.3362999999995,1,30478-10-00
Surgery,SUR-0028,Removal of submadibular salivary stones,2577.3362999999995,1,30266-02-00
ENT,ENT-0016,Adenoidectomy,2500.0,1 Day,41801-00-00
Urology,URO-0001,Diagnostic Cystoscopy,2500.0,1,36812-00-00
Orthopaedic,ORT-0009,TRANSPLANT OF BONE GRAFT TO - CARPALS & METACARPALS,2400.0,2 days,48239-00-00
Orthopaedic,ORT-0013,TRANSPLANT OF BONE GRAFT TO - TARSAL & METATARSALS,2400.0,1 day,48239-00-00
Orthopaedic,ORT-0343,TOE REATTACHEMENT including implant,2400.0,2 days,90584-01-01
Surgery,SUR-0015,Drainage of large abscess – GA,2393.24085,1 Day,30223-01-20
Surgery,SUR-0017,Excision of small skin tumors – GA  ,2393.24085,1,31205-00-10
Surgery,SUR-0019,Excision of sebaceous cyst,2393.24085,1,31205-00-10
ENT,ENT-0021,Myringotomy and insertion of ear grommets- Unilateral,2269.1454,1 Day,41632-00-00
ENT,ENT-0011,Upper R.T. Endoscopy for biopsy,2209.1454,1 Day,30473-01-00
ENT,ENT-0020,Nasal polypectomy ( uni or bilat ),2209.1454,1,41668-00-00
Obestetric and Gynecology,OBG-0005,Hymnectomy / vaginal,2209.1454,1,35509-00-00
Obestetric and Gynecology,OBG-0010,Excision of bartholin cyst,2209.1454,1,35513-00-00
Surgery,SUR-0010,Excision of perianal skin tag – GA,2209.1454,1,32142-00-00
Urology,URO-0002,Cyto Urethroscopy,2209.1454,1,36812-00-00
Urology,URO-0005,Cystoscopy + Retrogade dye inj.,2209.1454,1 Day,36818-00-00
Urology,URO-0013,ESWL-Any Additional Session,1980.0,1 Day,36546-00-00
Orthopaedic,ORT-0827,PRP INJECTION,1920.0,1 Day,50124-01-31
ENT,ENT-0008,Removal of Foreign Body from Ear G.A.,1848.0,1,41500-00-01
Surgery,SUR-0027,Percutaneous Liver Biopsy - LA without Histopath,1848.0,1,30409-00-00
ENT,ENT-0001,Direct laryngoscopy with biopsy,1840.9544999999998,1,41849-00-00
ENT,ENT-0005,Partial inf.turbinectomy (unilateral),1840.9544999999998,1,41689-00-00
ENT,ENT-0007,Bil.linear caute inferior turbinate,1840.9544999999998,1 Day,41674-00-00
ENT,ENT-0017,S.M.D,1840.9544999999998,1 Day,41671-00-00
ENT,ENT-0018,Drainage of abscess in neck,1840.9544999999998,1 Day,30223-01-00
ENT,ENT-0023,Reduction of fractured nasal bone,1840.9544999999998,1-2 Days,47738-00-00
Opthalmology,OPT-0060,INTRAVITREAL INJECTION without medication,1800.0,1,42740-02-02
Orthopaedic,ORT-1047,PRF INJECTION,1800.0,1 Day,50124-01-10
Surgery,SUR-0151,Use of laser,1518.0,1,99999-99-99
Urology,URO-0009,Testicular biopsy without histopath  ,1518.0,1 Day,30644-04-00
Opthalmology,OPT-0039,Chalazion Removal – GA,1500.0,1,42575-00-01
ENT,ENT-0004,Nasal cautherization,1472.7636,1,41677-00-00
ENT,ENT-0019,Drainage of quincy,1472.7636,1,41807-00-00
Opthalmology,OPT-0006,Laser photocoagulation/ EYE /SETTING,1472.7636,1,42809-00-01
Surgery,SUR-0002,Circumcision (over one year) under GA,1472.7636,1,30653-00-00
ENT,ENT-0006,Suction clearance of the ear – A.O.M,1196.620425,1,90111-00-01
Opthalmology,OPT-0004,Corneal graft suture removal,1104.5727,1,42668-00-01
Surgery,SUR-0004,Removal Foreign Body L.A.,924.0,1,92201-00-00
Surgery,SUR-0021,Ingrowing Toe Nail Removal L.A.,858.0,1,47915-00-01
Surgery,SUR-0003,Circumcision (Less than 1 yr. old) L.A.,660.0,1,30653-00-30
,,,,,
,,,,,
,,,,,
,,,,,
,,,,,
,,,,,
,,,,,
,,,,,
,,,,,
,,,,,
,,,,,
,,SUR-0042,,,
